comparison,period,scope,matches,log_loss,log_loss_low,log_loss_high,score_nll,score_nll_low,score_nll_high,brier
M10 minus M7,test,All,22132,-0.001066,-0.001486,-0.000638,-0.000761,-0.001284,-0.000248,-0.000702
M10 minus M7,test,PL,4180,-0.002681,-0.003613,-0.001785,-0.002670,-0.004075,-0.001322,-0.001720
M10 minus M7,test,Ch,6072,-0.000644,-0.001351,0.000123,-0.000387,-0.001184,0.000495,-0.000456
M10 minus M7,test,L1,5920,-0.001247,-0.001999,-0.000472,-0.000742,-0.001702,0.000250,-0.000829
M10 minus M7,test,L2,5960,-0.000185,-0.000936,0.000558,0.000180,-0.000667,0.000978,-0.000112
M10 minus M7,test,EFL,17952,-0.000691,-0.001152,-0.000209,-0.000316,-0.000846,0.000251,-0.000465
M10 minus M7,test,Entrant matches,9189,-0.000875,-0.001499,-0.000239,-0.000433,-0.001156,0.000321,-0.000549
M10 minus M7,test,Continuing matches,12943,-0.001202,-0.001744,-0.000677,-0.000993,-0.001652,-0.000366,-0.000810
M10 minus M7,test,Club match 1-5,2554,0.000218,-0.000548,0.000820,0.001257,-0.000000,0.002157,0.000130
M10 minus M7,test,PL club match 1-5,553,-0.004564,-0.006241,-0.003033,-0.003877,-0.006479,-0.001712,-0.003218
M10 minus M7,test,EFL club match 1-5,2001,0.001539,0.000809,0.002302,0.002676,0.002062,0.003189,0.001056
M10 minus M7,test,Club match 6-10,2555,-0.001286,-0.002661,-0.000064,-0.001436,-0.003212,0.000024,-0.000872
M10 minus M7,test,PL club match 6-10,552,-0.004005,-0.006319,-0.001528,-0.006281,-0.008619,-0.004053,-0.002672
M10 minus M7,test,EFL club match 6-10,2003,-0.000537,-0.001641,0.000376,-0.000101,-0.001222,0.000840,-0.000376
M10 minus M7,test,Club match 11-20,5099,-0.000658,-0.001597,0.000209,-0.000107,-0.001073,0.000815,-0.000419
M10 minus M7,test,PL club match 11-20,1112,-0.001452,-0.003310,0.000208,-0.000020,-0.002106,0.001992,-0.000935
M10 minus M7,test,EFL club match 11-20,3987,-0.000437,-0.001403,0.000431,-0.000131,-0.001263,0.000896,-0.000275
M10 minus M7,test,Club match 21-99,11924,-0.001469,-0.001927,-0.000976,-0.001327,-0.001976,-0.000685,-0.000965
M10 minus M7,test,PL club match 21-99,1963,-0.002474,-0.003885,-0.001072,-0.002816,-0.004607,-0.000924,-0.001476
M10 minus M7,test,EFL club match 21-99,9961,-0.001271,-0.001738,-0.000757,-0.001034,-0.001603,-0.000415,-0.000864
M10 minus M7,test,"Entrant matches, club match 1-5",1067,0.000624,-0.000812,0.001794,0.001539,-0.000353,0.002911,0.000469
M10 minus M7,test,"Entrant matches, club match 1-10",2096,0.000104,-0.001060,0.001162,0.000611,-0.000708,0.001772,0.000158
M10 minus M7,2026/27,All,266,0.002301,,,0.003871,,,0.001995
M10 minus M7,2026/27,PL,40,-0.004138,,,-0.001070,,,-0.001998
M10 minus M7,2026/27,Ch,83,-0.001097,,,0.001546,,,-0.000721
M10 minus M7,2026/27,L1,71,0.006432,,,0.006038,,,0.004694
M10 minus M7,2026/27,L2,72,0.005720,,,0.007157,,,0.004684
M10 minus M7,2026/27,EFL,226,0.003440,,,0.004745,,,0.002702
M10 minus M7,2026/27,Entrant matches,115,0.002808,,,0.004268,,,0.002247
M10 minus M7,2026/27,Continuing matches,151,0.001914,,,0.003568,,,0.001804
M10 minus M7,2026/27,Club match 1-5,221,0.002596,,,0.004126,,,0.002241
M10 minus M7,2026/27,PL club match 1-5,40,-0.004138,,,-0.001070,,,-0.001998
M10 minus M7,2026/27,EFL club match 1-5,181,0.004084,,,0.005274,,,0.003178
M10 minus M7,2026/27,Club match 6-10,45,0.000849,,,0.002618,,,0.000786
M10 minus M7,2026/27,EFL club match 6-10,45,0.000849,,,0.002618,,,0.000786
M10 minus M7,2026/27,"Entrant matches, club match 1-5",96,0.002518,,,0.004802,,,0.002065
M10 minus M7,2026/27,"Entrant matches, club match 1-10",115,0.002808,,,0.004268,,,0.002247
E1 minus M10,test,All,22132,0.000174,-0.000005,0.000355,0.000104,-0.000079,0.000284,0.000116
E1 minus M10,test,PL,4180,0.000280,0.000003,0.000574,0.000266,-0.000094,0.000635,0.000216
E1 minus M10,test,Ch,6072,0.000074,-0.000252,0.000391,0.000110,-0.000296,0.000524,0.000051
E1 minus M10,test,L1,5920,0.000287,-0.000041,0.000618,0.000088,-0.000257,0.000457,0.000182
E1 minus M10,test,L2,5960,0.000088,-0.000267,0.000443,-0.000001,-0.000356,0.000370,0.000047
E1 minus M10,test,EFL,17952,0.000149,-0.000071,0.000363,0.000066,-0.000150,0.000278,0.000093
E1 minus M10,test,Entrant matches,9189,0.000364,-0.000056,0.000779,0.000209,-0.000235,0.000634,0.000255
E1 minus M10,test,Continuing matches,12943,0.000039,-0.000058,0.000136,0.000029,-0.000077,0.000135,0.000018
E1 minus M10,test,Club match 1-5,2554,-0.000066,-0.000399,0.000372,-0.000372,-0.000674,0.000049,-0.000059
E1 minus M10,test,PL club match 1-5,553,0.000036,-0.000314,0.000440,-0.000352,-0.000821,0.000197,-0.000025
E1 minus M10,test,EFL club match 1-5,2001,-0.000094,-0.000579,0.000432,-0.000378,-0.000721,0.000099,-0.000068
E1 minus M10,test,Club match 6-10,2555,-0.000022,-0.000521,0.000600,-0.000126,-0.000649,0.000574,-0.000032
E1 minus M10,test,PL club match 6-10,552,0.000720,-0.000386,0.001813,0.000879,-0.000311,0.002077,0.000481
E1 minus M10,test,EFL club match 6-10,2003,-0.000226,-0.000604,0.000343,-0.000404,-0.000773,0.000144,-0.000173
E1 minus M10,test,Club match 11-20,5099,0.000109,-0.000225,0.000489,0.000080,-0.000261,0.000423,0.000095
E1 minus M10,test,PL club match 11-20,1112,0.000019,-0.000649,0.000590,0.000188,-0.000667,0.001045,0.000149
E1 minus M10,test,EFL club match 11-20,3987,0.000135,-0.000257,0.000504,0.000050,-0.000358,0.000444,0.000080
E1 minus M10,test,Club match 21-99,11924,0.000294,0.000092,0.000501,0.000265,0.000052,0.000479,0.000194
E1 minus M10,test,PL club match 21-99,1963,0.000372,0.000095,0.000623,0.000313,-0.000053,0.000682,0.000247
E1 minus M10,test,EFL club match 21-99,9961,0.000279,0.000041,0.000524,0.000256,0.000005,0.000507,0.000184
E1 minus M10,test,"Entrant matches, club match 1-5",1067,-0.000060,-0.000761,0.000934,-0.000841,-0.001610,0.000363,-0.000059
E1 minus M10,test,"Entrant matches, club match 1-10",2096,-0.000049,-0.000905,0.000927,-0.000610,-0.001551,0.000388,-0.000047
E1 minus M10,2026/27,All,266,0.000533,,,0.000620,,,0.000368
E1 minus M10,2026/27,PL,40,0.001515,,,0.000896,,,0.001121
E1 minus M10,2026/27,Ch,83,0.001897,,,0.001403,,,0.001341
E1 minus M10,2026/27,L1,71,-0.000834,,,0.000015,,,-0.000384
E1 minus M10,2026/27,L2,72,-0.000237,,,0.000162,,,-0.000431
E1 minus M10,2026/27,EFL,226,0.000359,,,0.000571,,,0.000234
E1 minus M10,2026/27,Entrant matches,115,-0.000752,,,-0.000842,,,-0.000626
E1 minus M10,2026/27,Continuing matches,151,0.001512,,,0.001734,,,0.001124
E1 minus M10,2026/27,Club match 1-5,221,0.001160,,,0.001025,,,0.000861
E1 minus M10,2026/27,PL club match 1-5,40,0.001515,,,0.000896,,,0.001121
E1 minus M10,2026/27,EFL club match 1-5,181,0.001082,,,0.001053,,,0.000803
E1 minus M10,2026/27,Club match 6-10,45,-0.002546,,,-0.001366,,,-0.002054
E1 minus M10,2026/27,EFL club match 6-10,45,-0.002546,,,-0.001366,,,-0.002054
E1 minus M10,2026/27,"Entrant matches, club match 1-5",96,0.000250,,,-0.000178,,,0.000177
E1 minus M10,2026/27,"Entrant matches, club match 1-10",115,-0.000752,,,-0.000842,,,-0.000626
S1 minus M10,test,All,22132,-0.000006,-0.000357,0.000334,0.000657,0.000246,0.001066,0.000013
S1 minus M10,test,PL,4180,0.000263,-0.000529,0.001024,0.000532,-0.000424,0.001440,0.000283
S1 minus M10,test,Ch,6072,-0.000034,-0.000763,0.000691,0.000749,0.000044,0.001515,-0.000053
S1 minus M10,test,L1,5920,-0.000371,-0.001021,0.000351,0.000550,-0.000313,0.001436,-0.000241
S1 minus M10,test,L2,5960,0.000197,-0.000480,0.000862,0.000758,-0.000016,0.001550,0.000144
S1 minus M10,test,EFL,17952,-0.000068,-0.000428,0.000321,0.000686,0.000240,0.001165,-0.000050
S1 minus M10,test,Entrant matches,9189,0.000087,-0.000329,0.000484,0.000638,0.000154,0.001110,0.000071
S1 minus M10,test,Continuing matches,12943,-0.000072,-0.000582,0.000463,0.000671,0.000016,0.001284,-0.000028
S1 minus M10,test,Club match 1-5,2554,0.000418,-0.000259,0.001244,0.001770,0.000609,0.003006,0.000276
S1 minus M10,test,PL club match 1-5,553,0.000362,-0.001386,0.002134,0.001773,-0.000944,0.004485,0.000275
S1 minus M10,test,EFL club match 1-5,2001,0.000433,-0.000377,0.001319,0.001769,0.000899,0.002553,0.000276
S1 minus M10,test,Club match 6-10,2555,-0.000039,-0.000929,0.000908,0.000757,-0.000680,0.002170,0.000000
S1 minus M10,test,PL club match 6-10,552,0.001605,-0.000098,0.003215,0.001078,-0.001683,0.003720,0.001371
S1 minus M10,test,EFL club match 6-10,2003,-0.000492,-0.001364,0.000383,0.000669,-0.000867,0.002187,-0.000377
S1 minus M10,test,Club match 11-20,5099,0.000427,-0.000474,0.001224,0.001293,0.000374,0.002226,0.000351
S1 minus M10,test,PL club match 11-20,1112,-0.000170,-0.001720,0.001194,0.000828,-0.000478,0.002158,-0.000005
S1 minus M10,test,EFL club match 11-20,3987,0.000594,-0.000287,0.001408,0.001423,0.000382,0.002422,0.000451
S1 minus M10,test,Club match 21-99,11924,-0.000275,-0.000674,0.000115,0.000126,-0.000295,0.000559,-0.000185
S1 minus M10,test,PL club match 21-99,1963,0.000102,-0.000564,0.000820,-0.000138,-0.000919,0.000649,0.000141
S1 minus M10,test,EFL club match 21-99,9961,-0.000349,-0.000769,0.000074,0.000178,-0.000293,0.000659,-0.000249
S1 minus M10,test,"Entrant matches, club match 1-5",1067,0.000151,-0.000797,0.001340,0.001270,0.000232,0.002487,0.000017
S1 minus M10,test,"Entrant matches, club match 1-10",2096,0.000585,-0.000187,0.001408,0.001375,0.000422,0.002350,0.000401
S1 minus M10,2026/27,All,266,0.003099,,,0.005587,,,0.002269
S1 minus M10,2026/27,PL,40,0.001429,,,0.000732,,,0.000992
S1 minus M10,2026/27,Ch,83,0.003468,,,0.007464,,,0.002606
S1 minus M10,2026/27,L1,71,0.002341,,,0.004292,,,0.001576
S1 minus M10,2026/27,L2,72,0.004349,,,0.007399,,,0.003274
S1 minus M10,2026/27,EFL,226,0.003395,,,0.006447,,,0.002495
S1 minus M10,2026/27,Entrant matches,115,0.000891,,,0.004711,,,0.000576
S1 minus M10,2026/27,Continuing matches,151,0.004780,,,0.006255,,,0.003558
S1 minus M10,2026/27,Club match 1-5,221,0.003398,,,0.005526,,,0.002481
S1 minus M10,2026/27,PL club match 1-5,40,0.001429,,,0.000732,,,0.000992
S1 minus M10,2026/27,EFL club match 1-5,181,0.003834,,,0.006586,,,0.002810
S1 minus M10,2026/27,Club match 6-10,45,0.001629,,,0.005887,,,0.001228
S1 minus M10,2026/27,EFL club match 6-10,45,0.001629,,,0.005887,,,0.001228
S1 minus M10,2026/27,"Entrant matches, club match 1-5",96,0.000679,,,0.004727,,,0.000445
S1 minus M10,2026/27,"Entrant matches, club match 1-10",115,0.000891,,,0.004711,,,0.000576
S2 minus M10,test,All,22132,0.000002,-0.000151,0.000160,0.000014,-0.000170,0.000214,0.000004
S2 minus M10,test,PL,4180,0.000101,-0.000213,0.000399,0.000027,-0.000352,0.000414,0.000109
S2 minus M10,test,Ch,6072,-0.000114,-0.000353,0.000126,-0.000017,-0.000276,0.000247,-0.000089
S2 minus M10,test,L1,5920,0.000051,-0.000169,0.000286,0.000012,-0.000258,0.000299,0.000034
S2 minus M10,test,L2,5960,0.000003,-0.000293,0.000320,0.000039,-0.000292,0.000420,-0.000003
S2 minus M10,test,EFL,17952,-0.000021,-0.000175,0.000154,0.000011,-0.000173,0.000226,-0.000020
S2 minus M10,test,Entrant matches,9189,0.000098,-0.000087,0.000279,0.000093,-0.000119,0.000317,0.000078
S2 minus M10,test,Continuing matches,12943,-0.000065,-0.000283,0.000165,-0.000042,-0.000302,0.000247,-0.000048
S2 minus M10,test,Club match 1-5,2554,-0.000384,-0.000726,0.000008,-0.000164,-0.000627,0.000354,-0.000303
S2 minus M10,test,PL club match 1-5,553,-0.000388,-0.001361,0.000536,0.000087,-0.001030,0.001199,-0.000286
S2 minus M10,test,EFL club match 1-5,2001,-0.000383,-0.000615,-0.000088,-0.000233,-0.000565,0.000132,-0.000307
S2 minus M10,test,Club match 6-10,2555,0.000313,-0.000235,0.000873,0.000589,-0.000149,0.001352,0.000208
S2 minus M10,test,PL club match 6-10,552,0.000393,-0.000296,0.001042,0.000588,-0.000360,0.001485,0.000296
S2 minus M10,test,EFL club match 6-10,2003,0.000292,-0.000249,0.000801,0.000589,-0.000168,0.001248,0.000183
S2 minus M10,test,Club match 11-20,5099,-0.000073,-0.000296,0.000188,-0.000108,-0.000358,0.000175,-0.000031
S2 minus M10,test,PL club match 11-20,1112,-0.000051,-0.000454,0.000366,-0.000227,-0.000651,0.000164,0.000057
S2 minus M10,test,EFL club match 11-20,3987,-0.000079,-0.000359,0.000225,-0.000075,-0.000374,0.000237,-0.000055
S2 minus M10,test,Club match 21-99,11924,0.000051,-0.000106,0.000211,-0.000019,-0.000213,0.000181,0.000042
S2 minus M10,test,PL club match 21-99,1963,0.000244,-0.000096,0.000609,-0.000004,-0.000397,0.000428,0.000198
S2 minus M10,test,EFL club match 21-99,9961,0.000013,-0.000168,0.000194,-0.000021,-0.000239,0.000203,0.000011
S2 minus M10,test,"Entrant matches, club match 1-5",1067,-0.000050,-0.000388,0.000385,0.000276,-0.000111,0.000773,-0.000064
S2 minus M10,test,"Entrant matches, club match 1-10",2096,0.000163,-0.000183,0.000517,0.000354,-0.000020,0.000743,0.000108
S2 minus M10,2026/27,All,266,-0.000116,,,0.000834,,,-0.000137
S2 minus M10,2026/27,PL,40,-0.001531,,,-0.000236,,,-0.000918
S2 minus M10,2026/27,Ch,83,0.000391,,,0.001214,,,0.000212
S2 minus M10,2026/27,L1,71,0.000617,,,0.001922,,,0.000407
S2 minus M10,2026/27,L2,72,-0.000637,,,-0.000083,,,-0.000643
S2 minus M10,2026/27,EFL,226,0.000135,,,0.001023,,,0.000001
S2 minus M10,2026/27,Entrant matches,115,-0.000384,,,0.000294,,,-0.000321
S2 minus M10,2026/27,Continuing matches,151,0.000088,,,0.001245,,,0.000003
S2 minus M10,2026/27,Club match 1-5,221,-0.000106,,,0.000780,,,-0.000139
S2 minus M10,2026/27,PL club match 1-5,40,-0.001531,,,-0.000236,,,-0.000918
S2 minus M10,2026/27,EFL club match 1-5,181,0.000208,,,0.001004,,,0.000033
S2 minus M10,2026/27,Club match 6-10,45,-0.000163,,,0.001098,,,-0.000127
S2 minus M10,2026/27,EFL club match 6-10,45,-0.000163,,,0.001098,,,-0.000127
S2 minus M10,2026/27,"Entrant matches, club match 1-5",96,-0.000648,,,0.000045,,,-0.000519
S2 minus M10,2026/27,"Entrant matches, club match 1-10",115,-0.000384,,,0.000294,,,-0.000321
