season_id,mean,std,competition_id,candidate
2011-2012,0.025668587541346412,0.20335589430861295,eng-premier-league,level-s0.04-form-s0.10
2012-2013,0.04953180340616344,0.2013642174559828,eng-premier-league,level-s0.04-form-s0.10
2013-2014,0.06441560956550654,0.22759782268630468,eng-premier-league,level-s0.04-form-s0.10
2014-2015,0.05115146325450539,0.17810514212578607,eng-premier-league,level-s0.04-form-s0.10
2015-2016,0.03887256262986187,0.18139883525697292,eng-premier-league,level-s0.04-form-s0.10
2016-2017,0.04142876440983963,0.21620644341697512,eng-premier-league,level-s0.04-form-s0.10
2017-2018,0.03575968762755518,0.2138582301366939,eng-premier-league,level-s0.04-form-s0.10
2018-2019,0.025442347458668392,0.22992178078694686,eng-premier-league,level-s0.04-form-s0.10
2019-2020,0.02531550691959401,0.21856668790534817,eng-premier-league,level-s0.04-form-s0.10
2020-2021,0.01083074371199791,0.2020760178877465,eng-premier-league,level-s0.04-form-s0.10
2021-2022,0.015245784261524231,0.24131896252147686,eng-premier-league,level-s0.04-form-s0.10
2022-2023,0.020653273783664754,0.18996621922353232,eng-premier-league,level-s0.04-form-s0.10
2023-2024,0.0061080489881180965,0.20475333533925577,eng-premier-league,level-s0.04-form-s0.10
2024-2025,0.016620796507357056,0.1950299943203782,eng-premier-league,level-s0.04-form-s0.10
2025-2026,0.02166073948885305,0.15427141484557788,eng-premier-league,level-s0.04-form-s0.10
2026-2027,0.015276313166698825,0.15702895164547942,eng-premier-league,level-s0.04-form-s0.10
2011-2012,0.024893172944309296,0.20976990746063207,eng-premier-league,level-s0.04-form-s0.15
2012-2013,0.04749556329485695,0.208192499048607,eng-premier-league,level-s0.04-form-s0.15
2013-2014,0.059118569641038655,0.2407502821425257,eng-premier-league,level-s0.04-form-s0.15
2014-2015,0.0492361786222166,0.17898047186401506,eng-premier-league,level-s0.04-form-s0.15
2015-2016,0.03915604247906211,0.19409285202366322,eng-premier-league,level-s0.04-form-s0.15
2016-2017,0.03799731469809208,0.22356473648560826,eng-premier-league,level-s0.04-form-s0.15
2017-2018,0.032284183318382856,0.20914741272417317,eng-premier-league,level-s0.04-form-s0.15
2018-2019,0.02125054252632349,0.23561562972716704,eng-premier-league,level-s0.04-form-s0.15
2019-2020,0.020026480642863175,0.22905405306083632,eng-premier-league,level-s0.04-form-s0.15
2020-2021,0.005198181319639225,0.2065231420505993,eng-premier-league,level-s0.04-form-s0.15
2021-2022,0.00946961782681533,0.2515586608042465,eng-premier-league,level-s0.04-form-s0.15
2022-2023,0.011547737537709692,0.19273960665409787,eng-premier-league,level-s0.04-form-s0.15
2023-2024,-0.002449164042453207,0.21237782395330507,eng-premier-league,level-s0.04-form-s0.15
2024-2025,0.006131069887022866,0.1968906236575986,eng-premier-league,level-s0.04-form-s0.15
2025-2026,0.007428870473139168,0.15190410521158126,eng-premier-league,level-s0.04-form-s0.15
2026-2027,0.000742336368100903,0.15908457236145232,eng-premier-league,level-s0.04-form-s0.15
2011-2012,0.0267195136357308,0.20273276115126176,eng-premier-league,level-s0.06-form-s0.07
2012-2013,0.05278211656416672,0.20142117375735213,eng-premier-league,level-s0.06-form-s0.07
2013-2014,0.06926497722304059,0.22705647643759466,eng-premier-league,level-s0.06-form-s0.07
2014-2015,0.05504105790207268,0.17990228893406618,eng-premier-league,level-s0.06-form-s0.07
2015-2016,0.04159591023803373,0.179270512670542,eng-premier-league,level-s0.06-form-s0.07
2016-2017,0.04793383116950532,0.21485714620376226,eng-premier-league,level-s0.06-form-s0.07
2017-2018,0.041656736300547295,0.22004941571241268,eng-premier-league,level-s0.06-form-s0.07
2018-2019,0.031494887490551925,0.23212289923930315,eng-premier-league,level-s0.06-form-s0.07
2019-2020,0.032089447690699956,0.21783645935466273,eng-premier-league,level-s0.06-form-s0.07
2020-2021,0.016382965218581715,0.2026182933488457,eng-premier-league,level-s0.06-form-s0.07
2021-2022,0.02264092701999823,0.23939480627913035,eng-premier-league,level-s0.06-form-s0.07
2022-2023,0.03155845791540856,0.19361880479496907,eng-premier-league,level-s0.06-form-s0.07
2023-2024,0.020598577440733224,0.2038481461277366,eng-premier-league,level-s0.06-form-s0.07
2024-2025,0.038903481268650994,0.19818416174626194,eng-premier-league,level-s0.06-form-s0.07
2025-2026,0.04066911440059333,0.15647266862261147,eng-premier-league,level-s0.06-form-s0.07
2026-2027,0.031183251309512428,0.14783198663677713,eng-premier-league,level-s0.06-form-s0.07
2011-2012,0.026348857410115206,0.2058692319586731,eng-premier-league,level-s0.06-form-s0.10
2012-2013,0.05178852052262663,0.20424225707884186,eng-premier-league,level-s0.06-form-s0.10
2013-2014,0.0665847611467576,0.23352068710708263,eng-premier-league,level-s0.06-form-s0.10
2014-2015,0.05415237392992025,0.17923052879648327,eng-premier-league,level-s0.06-form-s0.10
2015-2016,0.04166685068679486,0.18496630249422302,eng-premier-league,level-s0.06-form-s0.10
2016-2017,0.045972932605711794,0.21928296424537283,eng-premier-league,level-s0.06-form-s0.10
2017-2018,0.03963661262020433,0.21702428483755765,eng-premier-league,level-s0.06-form-s0.10
2018-2019,0.02983348763811348,0.23389196178244528,eng-premier-league,level-s0.06-form-s0.10
2019-2020,0.02920834044721503,0.222209922065742,eng-premier-league,level-s0.06-form-s0.10
2020-2021,0.013586273318575726,0.20466039625468962,eng-premier-league,level-s0.06-form-s0.10
2021-2022,0.019728736360946186,0.2453484975719264,eng-premier-league,level-s0.06-form-s0.10
2022-2023,0.026244452049195743,0.1940338253863854,eng-premier-league,level-s0.06-form-s0.10
2023-2024,0.01477020175218624,0.20709636957900565,eng-premier-league,level-s0.06-form-s0.10
2024-2025,0.03149483697841992,0.1978761138082259,eng-premier-league,level-s0.06-form-s0.10
2025-2026,0.03165776855119327,0.15477893465221976,eng-premier-league,level-s0.06-form-s0.10
2026-2027,0.02368166777183591,0.158594360454479,eng-premier-league,level-s0.06-form-s0.10
2011-2012,0.02552133681350936,0.21155932252742693,eng-premier-league,level-s0.06-form-s0.15
2012-2013,0.04940995324419834,0.2103657400005608,eng-premier-league,level-s0.06-form-s0.15
2013-2014,0.06116383509998009,0.24462026526460548,eng-premier-league,level-s0.06-form-s0.15
2014-2015,0.05171134506180587,0.18003590674256692,eng-premier-league,level-s0.06-form-s0.15
2015-2016,0.0412735778629867,0.19666643996786717,eng-premier-league,level-s0.06-form-s0.15
2016-2017,0.04194234535960236,0.22552801064354974,eng-premier-league,level-s0.06-form-s0.15
2017-2018,0.03584938583718848,0.21092691481528703,eng-premier-league,level-s0.06-form-s0.15
2018-2019,0.025958752754070308,0.23839032208877436,eng-premier-league,level-s0.06-form-s0.15
2019-2020,0.024233802438996963,0.23147078505920057,eng-premier-league,level-s0.06-form-s0.15
2020-2021,0.008868805045753134,0.20844211949713753,eng-premier-league,level-s0.06-form-s0.15
2021-2022,0.01462319675317365,0.25423341228518825,eng-premier-league,level-s0.06-form-s0.15
2022-2023,0.01766164719836937,0.19558419736792296,eng-premier-league,level-s0.06-form-s0.15
2023-2024,0.005920670485130554,0.2142661395894098,eng-premier-league,level-s0.06-form-s0.15
2024-2025,0.01967547945859361,0.1995595840425165,eng-premier-league,level-s0.06-form-s0.15
2025-2026,0.017545297515009783,0.15284395215244392,eng-premier-league,level-s0.06-form-s0.15
2026-2027,0.009438241470661343,0.16073062828509913,eng-premier-league,level-s0.06-form-s0.15
2011-2012,0.02768068307217305,0.20644440833406552,eng-premier-league,level-s0.08-form-s0.07
2012-2013,0.05587956701271825,0.20526751300781396,eng-premier-league,level-s0.08-form-s0.07
2013-2014,0.07198084036750366,0.23495119864984437,eng-premier-league,level-s0.08-form-s0.07
2014-2015,0.05881472132682033,0.18059811940877954,eng-premier-league,level-s0.08-form-s0.07
2015-2016,0.04505026134177339,0.18346463749754932,eng-premier-league,level-s0.08-form-s0.07
2016-2017,0.052634824946307814,0.2187704176433773,eng-premier-league,level-s0.08-form-s0.07
2017-2018,0.0447169431069737,0.22295539189881444,eng-premier-league,level-s0.08-form-s0.07
2018-2019,0.0331836013783547,0.23578443500303825,eng-premier-league,level-s0.08-form-s0.07
2019-2020,0.03337074982636132,0.22146154742801993,eng-premier-league,level-s0.08-form-s0.07
2020-2021,0.016289726623634638,0.20491359471705267,eng-premier-league,level-s0.08-form-s0.07
2021-2022,0.024185705666776636,0.24405422599538995,eng-premier-league,level-s0.08-form-s0.07
2022-2023,0.03439770068081021,0.19711767682069453,eng-premier-league,level-s0.08-form-s0.07
2023-2024,0.02765506193139594,0.205951155421273,eng-premier-league,level-s0.08-form-s0.07
2024-2025,0.0524789350132576,0.20049008255487205,eng-premier-league,level-s0.08-form-s0.07
2025-2026,0.04765638946962692,0.15630425250727176,eng-premier-league,level-s0.08-form-s0.07
2026-2027,0.034350427101998905,0.14876236396758818,eng-premier-league,level-s0.08-form-s0.07
2011-2012,0.027277656480262525,0.20898649719504767,eng-premier-league,level-s0.08-form-s0.10
2012-2013,0.05464942128033216,0.20764077304930004,eng-premier-league,level-s0.08-form-s0.10
2013-2014,0.06927674454101806,0.2399798191297375,eng-premier-league,level-s0.08-form-s0.10
2014-2015,0.057584289273357035,0.18019172707110448,eng-premier-league,level-s0.08-form-s0.10
2015-2016,0.04474758599042687,0.1887744028768529,eng-premier-league,level-s0.08-form-s0.10
2016-2017,0.05057883860874766,0.2222364508930671,eng-premier-league,level-s0.08-form-s0.10
2017-2018,0.042921227801726615,0.21911040593934725,eng-premier-league,level-s0.08-form-s0.10
2018-2019,0.03253623323205666,0.23717853377933198,eng-premier-league,level-s0.08-form-s0.10
2019-2020,0.03147165391623251,0.2254155017955649,eng-premier-league,level-s0.08-form-s0.10
2020-2021,0.014821843441202525,0.20680118933689645,eng-premier-league,level-s0.08-form-s0.10
2021-2022,0.022494907668387205,0.2489260430032448,eng-premier-league,level-s0.08-form-s0.10
2022-2023,0.030251902790137376,0.19710122226663665,eng-premier-league,level-s0.08-form-s0.10
2023-2024,0.02232901771031618,0.20911188663932928,eng-premier-league,level-s0.08-form-s0.10
2024-2025,0.04511670214308925,0.20040230795626918,eng-premier-league,level-s0.08-form-s0.10
2025-2026,0.03975447439594752,0.15500037316025153,eng-premier-league,level-s0.08-form-s0.10
2026-2027,0.026539563625137243,0.14821473511315283,eng-premier-league,level-s0.08-form-s0.10
2011-2012,0.01746444149087063,0.1736555955423557,eng-premier-league,r0.85-s0.06
2012-2013,0.028601505141473648,0.16728355680250623,eng-premier-league,r0.85-s0.06
2013-2014,0.03758522220270614,0.1808692659770176,eng-premier-league,r0.85-s0.06
2014-2015,0.03288970014614081,0.158453144138123,eng-premier-league,r0.85-s0.06
2015-2016,0.026292863104346864,0.1528382645028771,eng-premier-league,r0.85-s0.06
2016-2017,0.0240041323263389,0.183266752485144,eng-premier-league,r0.85-s0.06
2017-2018,0.023222639195020343,0.1960067572276263,eng-premier-league,r0.85-s0.06
2018-2019,0.015137617155632036,0.20415132533003957,eng-premier-league,r0.85-s0.06
2019-2020,0.017798833488918236,0.1859419685141958,eng-premier-league,r0.85-s0.06
2020-2021,0.005491694882304913,0.17790700072178456,eng-premier-league,r0.85-s0.06
2021-2022,0.006345972698747813,0.2050502531355501,eng-premier-league,r0.85-s0.06
2022-2023,0.014432121526330527,0.1727292386842171,eng-premier-league,r0.85-s0.06
2023-2024,0.0017900780931213848,0.18076137917274937,eng-premier-league,r0.85-s0.06
2024-2025,0.008400744345043124,0.17937059573765873,eng-premier-league,r0.85-s0.06
2025-2026,0.01656448147715226,0.14062542748418377,eng-premier-league,r0.85-s0.06
2026-2027,0.010295001711075375,0.1390127115037719,eng-premier-league,r0.85-s0.06
2011-2012,0.019169721794885526,0.18454706988108077,eng-premier-league,r0.85-s0.09
2012-2013,0.03469302592194203,0.18010069772107595,eng-premier-league,r0.85-s0.09
2013-2014,0.044440932253589485,0.2046565198964928,eng-premier-league,r0.85-s0.09
2014-2015,0.04102466625437009,0.16575637063258034,eng-premier-league,r0.85-s0.09
2015-2016,0.031871375487808724,0.16656002118748706,eng-premier-league,r0.85-s0.09
2016-2017,0.03419322648216774,0.199144011097447,eng-premier-league,r0.85-s0.09
2017-2018,0.03089276911134197,0.20983667090738845,eng-premier-league,r0.85-s0.09
2018-2019,0.0203651890727009,0.2176404240920013,eng-premier-league,r0.85-s0.09
2019-2020,0.021996463285352,0.20027367762635634,eng-premier-league,r0.85-s0.09
2020-2021,0.008646945078758145,0.1883443353897105,eng-premier-league,r0.85-s0.09
2021-2022,0.01288804557278896,0.22326196557362693,eng-premier-league,r0.85-s0.09
2022-2023,0.023306062710720825,0.18494113810914556,eng-premier-league,r0.85-s0.09
2023-2024,0.017539764931386113,0.18959907696095157,eng-premier-league,r0.85-s0.09
2024-2025,0.033026928343878756,0.18688856022368802,eng-premier-league,r0.85-s0.09
2025-2026,0.03104255029595187,0.144561260769735,eng-premier-league,r0.85-s0.09
2026-2027,0.02201892538320819,0.14586307510772353,eng-premier-league,r0.85-s0.09
2011-2012,0.021388918283246048,0.1951911119648085,eng-premier-league,r0.85-s0.12
2012-2013,0.041038784479823655,0.1911460021330614,eng-premier-league,r0.85-s0.12
2013-2014,0.051205191023903696,0.22286703605351268,eng-premier-league,r0.85-s0.12
2014-2015,0.04778749001689913,0.1693248713898613,eng-premier-league,r0.85-s0.12
2015-2016,0.03608137616000854,0.17721693526549384,eng-premier-league,r0.85-s0.12
2016-2017,0.041989430880886816,0.2095937035714243,eng-premier-league,r0.85-s0.12
2017-2018,0.03577666592106293,0.214750318668104,eng-premier-league,r0.85-s0.12
2018-2019,0.02124297702172291,0.22563332143859607,eng-premier-league,r0.85-s0.12
2019-2020,0.02199059239381971,0.21035780581591965,eng-premier-league,r0.85-s0.12
2020-2021,0.009712791303863247,0.1954155664945973,eng-premier-league,r0.85-s0.12
2021-2022,0.015805576464597466,0.2359361461415569,eng-premier-league,r0.85-s0.12
2022-2023,0.029024901965333923,0.19160051430453914,eng-premier-league,r0.85-s0.12
2023-2024,0.029783074566365537,0.1962970129160629,eng-premier-league,r0.85-s0.12
2024-2025,0.05163980841734754,0.19263975766074845,eng-premier-league,r0.85-s0.12
2025-2026,0.03933726218256643,0.1464286179213839,eng-premier-league,r0.85-s0.12
2026-2027,0.027600448029441144,0.1509033694758431,eng-premier-league,r0.85-s0.12
2011-2012,0.023768942281132577,0.19067330624450002,eng-premier-league,r0.95-s0.06
2012-2013,0.044785254880003934,0.18827924722338527,eng-premier-league,r0.95-s0.06
2013-2014,0.06056086201007417,0.206221567467802,eng-premier-league,r0.95-s0.06
2014-2015,0.049713153345891055,0.17450635778048615,eng-premier-league,r0.95-s0.06
2015-2016,0.038493063905555264,0.16693187128678985,eng-premier-league,r0.95-s0.06
2016-2017,0.0427747461142227,0.19948112859855105,eng-premier-league,r0.95-s0.06
2017-2018,0.03893065659987408,0.21373491778819728,eng-premier-league,r0.95-s0.06
2018-2019,0.028882079321009217,0.22255867218153078,eng-premier-league,r0.95-s0.06
2019-2020,0.031687509359183796,0.20504800145033636,eng-premier-league,r0.95-s0.06
2020-2021,0.01721640535742428,0.19326583351858614,eng-premier-league,r0.95-s0.06
2021-2022,0.020926335993737978,0.22163776813905364,eng-premier-league,r0.95-s0.06
2022-2023,0.03148356791022866,0.18722469457290333,eng-premier-league,r0.95-s0.06
2023-2024,0.020517195484966493,0.1949191311450817,eng-premier-league,r0.95-s0.06
2024-2025,0.03460991123247207,0.19387736716594692,eng-premier-league,r0.95-s0.06
2025-2026,0.04057276277133063,0.15301173633546325,eng-premier-league,r0.95-s0.06
2026-2027,0.033584330829697924,0.1529991678898155,eng-premier-league,r0.95-s0.06
2011-2012,0.025394020912937167,0.19885668219652622,eng-premier-league,r0.95-s0.09
2012-2013,0.05035411394886167,0.19688068907163328,eng-premier-league,r0.95-s0.09
2013-2014,0.06564878224309637,0.223902539410613,eng-premier-league,r0.95-s0.09
2014-2015,0.056308091342614566,0.17673343655068618,eng-premier-league,r0.95-s0.09
2015-2016,0.043512404393089905,0.17566834150274158,eng-premier-league,r0.95-s0.09
2016-2017,0.050337453545606335,0.21050663422204965,eng-premier-league,r0.95-s0.09
2017-2018,0.04332510758630008,0.22252235858263478,eng-premier-league,r0.95-s0.09
2018-2019,0.029637677314429105,0.23042597618899874,eng-premier-league,r0.95-s0.09
2019-2020,0.031515290731195994,0.21324085776705257,eng-premier-league,r0.95-s0.09
2020-2021,0.015136020580403425,0.19867460094629888,eng-premier-league,r0.95-s0.09
2021-2022,0.02194691421961138,0.2345379706046447,eng-premier-league,r0.95-s0.09
2022-2023,0.03494610739219839,0.1947819845327828,eng-premier-league,r0.95-s0.09
2023-2024,0.03149377149936372,0.19933652508886635,eng-premier-league,r0.95-s0.09
2024-2025,0.05572220390445257,0.19758861635099534,eng-premier-league,r0.95-s0.09
2025-2026,0.050175847982112234,0.1533776669782355,eng-premier-league,r0.95-s0.09
2026-2027,0.04003889134986545,0.15609321690115344,eng-premier-league,r0.95-s0.09
2011-2012,0.027530502528458824,0.2070851846710031,eng-premier-league,r0.95-s0.12
2012-2013,0.056344657583252286,0.20467144784161037,eng-premier-league,r0.95-s0.12
2013-2014,0.07089215141448453,0.2379644596551762,eng-premier-league,r0.95-s0.12
2014-2015,0.06187052401669667,0.1774953452490494,eng-premier-league,r0.95-s0.12
2015-2016,0.046930992894701484,0.18365826930388585,eng-premier-league,r0.95-s0.12
2016-2017,0.05631930337540134,0.21825959952824495,eng-premier-league,r0.95-s0.12
2017-2018,0.046077167773604016,0.22477117035747315,eng-premier-league,r0.95-s0.12
2018-2019,0.027801048945658925,0.23521785143526439,eng-premier-league,r0.95-s0.12
2019-2020,0.02868008977258943,0.219750742618905,eng-premier-league,r0.95-s0.12
2020-2021,0.013161823637159564,0.2031597739627491,eng-premier-league,r0.95-s0.12
2021-2022,0.021628349575908562,0.2443894395595116,eng-premier-league,r0.95-s0.12
2022-2023,0.03765739493720235,0.19899098504467713,eng-premier-league,r0.95-s0.12
2023-2024,0.041507911893285496,0.20346743837524062,eng-premier-league,r0.95-s0.12
2024-2025,0.07240266644789942,0.2010449526099215,eng-premier-league,r0.95-s0.12
2025-2026,0.05534426111225038,0.1533114603930102,eng-premier-league,r0.95-s0.12
2026-2027,0.042157420873665016,0.15888695812819598,eng-premier-league,r0.95-s0.12
2011-2012,0.02709375593861184,0.19880180492612348,eng-premier-league,r1.00-s0.06
2012-2013,0.0536917557712522,0.19852714065412863,eng-premier-league,r1.00-s0.06
2013-2014,0.0722540882548752,0.21884502075356496,eng-premier-league,r1.00-s0.06
2014-2015,0.05574116358983313,0.18214929191329213,eng-premier-league,r1.00-s0.06
2015-2016,0.041701301381238516,0.1738029683514339,eng-premier-league,r1.00-s0.06
2016-2017,0.05005410782704502,0.20734337985049914,eng-premier-league,r1.00-s0.06
2017-2018,0.04401423779227988,0.22240539818204308,eng-premier-league,r1.00-s0.06
2018-2019,0.03295021840107436,0.23148394782813267,eng-premier-league,r1.00-s0.06
2019-2020,0.036084950376798694,0.21451126733698458,eng-premier-league,r1.00-s0.06
2020-2021,0.02030325606103669,0.20073232884440387,eng-premier-league,r1.00-s0.06
2021-2022,0.026420105782058,0.22986029738571356,eng-premier-league,r1.00-s0.06
2022-2023,0.038742236741065895,0.1943966137045642,eng-premier-league,r1.00-s0.06
2023-2024,0.02929627734661484,0.20184362010564957,eng-premier-league,r1.00-s0.06
2024-2025,0.049379810504970235,0.20109737702440028,eng-premier-league,r1.00-s0.06
2025-2026,0.053492842458363075,0.15919635221256825,eng-premier-league,r1.00-s0.06
2026-2027,0.04590862608269108,0.16020186762928335,eng-premier-league,r1.00-s0.06
2011-2012,0.028677880202517814,0.2057764673011086,eng-premier-league,r1.00-s0.09
2012-2013,0.05896066613695,0.20515260195893611,eng-premier-league,r1.00-s0.09
2013-2014,0.07641431915668764,0.23349530672606505,eng-premier-league,r1.00-s0.09
2014-2015,0.062083290923440615,0.18205181717024993,eng-premier-league,r1.00-s0.09
2015-2016,0.04721214136881007,0.18016616353897347,eng-premier-league,r1.00-s0.09
2016-2017,0.056945363388032244,0.21606252230192532,eng-premier-league,r1.00-s0.09
2017-2018,0.04764421534514286,0.22873745715519841,eng-premier-league,r1.00-s0.09
2018-2019,0.0323640805586845,0.2366880562400043,eng-premier-league,r1.00-s0.09
2019-2020,0.034638823659256364,0.21967318140692868,eng-premier-league,r1.00-s0.09
2020-2021,0.016547896017601527,0.20373017670908034,eng-premier-league,r1.00-s0.09
2021-2022,0.025234306239039543,0.24011584116939305,eng-premier-league,r1.00-s0.09
2022-2023,0.03983199242023257,0.19963370022683155,eng-premier-league,r1.00-s0.09
2023-2024,0.03798707410828724,0.20412587536840385,eng-premier-league,r1.00-s0.09
2024-2025,0.06805995591365174,0.20290109402568332,eng-premier-league,r1.00-s0.09
2025-2026,0.0598727148836213,0.15773701812670907,eng-premier-league,r1.00-s0.09
2026-2027,0.048963679995926095,0.16120022570871934,eng-premier-league,r1.00-s0.09
2011-2012,0.030769871362494105,0.2128956339512039,eng-premier-league,r1.00-s0.12
2012-2013,0.06472213950758263,0.2113816676111673,eng-premier-league,r1.00-s0.12
2013-2014,0.08082790697788086,0.24548887482627085,eng-premier-league,r1.00-s0.12
2014-2015,0.06743252743987911,0.18150415612943502,eng-premier-league,r1.00-s0.12
2015-2016,0.050784585864593224,0.1868681415406114,eng-premier-league,r1.00-s0.12
2016-2017,0.062436973516012094,0.22252776995137039,eng-premier-league,r1.00-s0.12
2017-2018,0.04986502527198112,0.2296926396692293,eng-premier-league,r1.00-s0.12
2018-2019,0.029706036191212294,0.23995107999813053,eng-premier-league,r1.00-s0.12
2019-2020,0.03087343819859034,0.22443682124886688,eng-premier-league,r1.00-s0.12
2020-2021,0.013565142199892988,0.2069738435911394,eng-premier-league,r1.00-s0.12
2021-2022,0.02359647676792507,0.24857730491112162,eng-premier-league,r1.00-s0.12
2022-2023,0.04122021690710097,0.20264242267548185,eng-premier-league,r1.00-s0.12
2023-2024,0.046945776697684335,0.20702424141359166,eng-premier-league,r1.00-s0.12
2024-2025,0.08336944353102536,0.20522547362608107,eng-premier-league,r1.00-s0.12
2025-2026,0.06312040961421915,0.15670909036572536,eng-premier-league,r1.00-s0.12
2026-2027,0.04903149320750942,0.1627990278979853,eng-premier-league,r1.00-s0.12
2011-2012,0.007874922338293367,0.13840712243702877,eng-championship,level-s0.04-form-s0.10
2012-2013,-0.007471166897699631,0.09216547367978861,eng-championship,level-s0.04-form-s0.10
2013-2014,0.009407774336525456,0.12992721523713327,eng-championship,level-s0.04-form-s0.10
2014-2015,0.018797889837100804,0.1454739395166734,eng-championship,level-s0.04-form-s0.10
2015-2016,0.01959313470864391,0.1363735966680108,eng-championship,level-s0.04-form-s0.10
2016-2017,0.009203339459981768,0.12102448817455688,eng-championship,level-s0.04-form-s0.10
2017-2018,0.013468208232734341,0.14326268928257707,eng-championship,level-s0.04-form-s0.10
2018-2019,0.008589133359011855,0.14191565540617365,eng-championship,level-s0.04-form-s0.10
2019-2020,0.020121485358477853,0.11941657426128396,eng-championship,level-s0.04-form-s0.10
2020-2021,0.010647965171137384,0.14126343330955934,eng-championship,level-s0.04-form-s0.10
2021-2022,0.001674259673558922,0.14966913073702148,eng-championship,level-s0.04-form-s0.10
2022-2023,-0.004378515333442266,0.1322964260365247,eng-championship,level-s0.04-form-s0.10
2023-2024,-0.002978132392473983,0.1490761144428084,eng-championship,level-s0.04-form-s0.10
2024-2025,-0.002431421492632068,0.14320109147896035,eng-championship,level-s0.04-form-s0.10
2025-2026,-0.013515173757192455,0.13401111820878547,eng-championship,level-s0.04-form-s0.10
2026-2027,-0.0016363743105015796,0.12345158133229595,eng-championship,level-s0.04-form-s0.10
2011-2012,0.006778681279699055,0.1460295592969167,eng-championship,level-s0.04-form-s0.15
2012-2013,-0.0069882182739940115,0.10244253710934995,eng-championship,level-s0.04-form-s0.15
2013-2014,0.010686518137696742,0.1453224945361218,eng-championship,level-s0.04-form-s0.15
2014-2015,0.017941434372917023,0.16428635163070385,eng-championship,level-s0.04-form-s0.15
2015-2016,0.019577565372233537,0.14930050389383032,eng-championship,level-s0.04-form-s0.15
2016-2017,0.01106395427623307,0.13093123847573043,eng-championship,level-s0.04-form-s0.15
2017-2018,0.015045288939251,0.16224555056207035,eng-championship,level-s0.04-form-s0.15
2018-2019,0.008610244328141644,0.1554344516103579,eng-championship,level-s0.04-form-s0.15
2019-2020,0.019885976437452213,0.14404538153931812,eng-championship,level-s0.04-form-s0.15
2020-2021,0.009421708944472912,0.15672783177708555,eng-championship,level-s0.04-form-s0.15
2021-2022,0.00130746980214776,0.16822146663847246,eng-championship,level-s0.04-form-s0.15
2022-2023,-0.0033099550498002415,0.1452404419343494,eng-championship,level-s0.04-form-s0.15
2023-2024,-0.0017520865703093593,0.1565705795152392,eng-championship,level-s0.04-form-s0.15
2024-2025,-0.0008986451353386002,0.15092950272313274,eng-championship,level-s0.04-form-s0.15
2025-2026,-0.011859556810006729,0.1453145678879307,eng-championship,level-s0.04-form-s0.15
2026-2027,-0.0010357563971246256,0.13648711620690593,eng-championship,level-s0.04-form-s0.15
2011-2012,0.007705939891952202,0.13666478121254846,eng-championship,level-s0.06-form-s0.07
2012-2013,-0.007488611072822217,0.09049841955963986,eng-championship,level-s0.06-form-s0.07
2013-2014,0.010136559051021262,0.12786534620457438,eng-championship,level-s0.06-form-s0.07
2014-2015,0.019609880314237545,0.1444245340121297,eng-championship,level-s0.06-form-s0.07
2015-2016,0.02100954586500549,0.1366800859447605,eng-championship,level-s0.06-form-s0.07
2016-2017,0.009126532026868786,0.12103187097994322,eng-championship,level-s0.06-form-s0.07
2017-2018,0.015531709663939302,0.14156548101311694,eng-championship,level-s0.06-form-s0.07
2018-2019,0.010232299248103559,0.1411294567460307,eng-championship,level-s0.06-form-s0.07
2019-2020,0.02356190154702725,0.1180124822681131,eng-championship,level-s0.06-form-s0.07
2020-2021,0.010074238856619845,0.13935840550957057,eng-championship,level-s0.06-form-s0.07
2021-2022,-0.001338208155886025,0.14623788630070017,eng-championship,level-s0.06-form-s0.07
2022-2023,-0.008586371856583416,0.1311364351891322,eng-championship,level-s0.06-form-s0.07
2023-2024,-0.01157600140074185,0.14964102809991378,eng-championship,level-s0.06-form-s0.07
2024-2025,-0.008335299951961394,0.14410131320631803,eng-championship,level-s0.06-form-s0.07
2025-2026,-0.019423934837375683,0.13174334305919264,eng-championship,level-s0.06-form-s0.07
2026-2027,-0.006901612582890616,0.11950581677283904,eng-championship,level-s0.06-form-s0.07
2011-2012,0.00720497497631339,0.14005892711755216,eng-championship,level-s0.06-form-s0.10
2012-2013,-0.0072984068392760336,0.0946826264405025,eng-championship,level-s0.06-form-s0.10
2013-2014,0.010684947643317838,0.1356437875375635,eng-championship,level-s0.06-form-s0.10
2014-2015,0.01906978440770327,0.1541270059281291,eng-championship,level-s0.06-form-s0.10
2015-2016,0.02082786064392909,0.14231720853457364,eng-championship,level-s0.06-form-s0.10
2016-2017,0.010004272355124614,0.12607831631600858,eng-championship,level-s0.06-form-s0.10
2017-2018,0.016179776274570512,0.1512258351481062,eng-championship,level-s0.06-form-s0.10
2018-2019,0.010071288727503291,0.14762599321518802,eng-championship,level-s0.06-form-s0.10
2019-2020,0.023074400345821745,0.12877459444879974,eng-championship,level-s0.06-form-s0.10
2020-2021,0.009554254757138681,0.14696807041720125,eng-championship,level-s0.06-form-s0.10
2021-2022,-0.0013575320489081497,0.1554733389113056,eng-championship,level-s0.06-form-s0.10
2022-2023,-0.007985717497200517,0.13773327870886284,eng-championship,level-s0.06-form-s0.10
2023-2024,-0.010357235417073684,0.15254705747475944,eng-championship,level-s0.06-form-s0.10
2024-2025,-0.007308475174430273,0.14676215635039833,eng-championship,level-s0.06-form-s0.10
2025-2026,-0.018090076321597804,0.1382137184966938,eng-championship,level-s0.06-form-s0.10
2026-2027,-0.0061925658945310505,0.12622596929937965,eng-championship,level-s0.06-form-s0.10
2011-2012,0.006182037889947071,0.1472787470167529,eng-championship,level-s0.06-form-s0.15
2012-2013,-0.006919323605209794,0.10423556641928725,eng-championship,level-s0.06-form-s0.15
2013-2014,0.011739192857108624,0.1487284417120478,eng-championship,level-s0.06-form-s0.15
2014-2015,0.018276963991683326,0.16920404032474715,eng-championship,level-s0.06-form-s0.15
2015-2016,0.020548432438756186,0.15304480746358054,eng-championship,level-s0.06-form-s0.15
2016-2017,0.011511635483511628,0.1340499505535296,eng-championship,level-s0.06-form-s0.15
2017-2018,0.017087689915578498,0.16726336024784283,eng-championship,level-s0.06-form-s0.15
2018-2019,0.009810511572147254,0.15923555657688077,eng-championship,level-s0.06-form-s0.15
2019-2020,0.022085350540885368,0.15116577536407666,eng-championship,level-s0.06-form-s0.15
2020-2021,0.008528349477571273,0.16050564797349856,eng-championship,level-s0.06-form-s0.15
2021-2022,-0.001368232254250099,0.172256776956753,eng-championship,level-s0.06-form-s0.15
2022-2023,-0.006700047748533131,0.1488760344733467,eng-championship,level-s0.06-form-s0.15
2023-2024,-0.007781777467277822,0.15875513459229842,eng-championship,level-s0.06-form-s0.15
2024-2025,-0.005334044917651278,0.15316744196960294,eng-championship,level-s0.06-form-s0.15
2025-2026,-0.01563009539212046,0.1477645269883748,eng-championship,level-s0.06-form-s0.15
2026-2027,-0.005064614706165294,0.1382645718124334,eng-championship,level-s0.06-form-s0.15
2011-2012,0.0067294605304185654,0.13907813151329865,eng-championship,level-s0.08-form-s0.07
2012-2013,-0.007266203295979551,0.09402438633139731,eng-championship,level-s0.08-form-s0.07
2013-2014,0.01186116190532719,0.13586513507679893,eng-championship,level-s0.08-form-s0.07
2014-2015,0.019897731905281317,0.15613233067014515,eng-championship,level-s0.08-form-s0.07
2015-2016,0.022003295091521973,0.14409934208048222,eng-championship,level-s0.08-form-s0.07
2016-2017,0.009642370988433934,0.12741860905482,eng-championship,level-s0.08-form-s0.07
2017-2018,0.01852680811205337,0.15174891804566734,eng-championship,level-s0.08-form-s0.07
2018-2019,0.012075063623764754,0.14817787973141494,eng-championship,level-s0.08-form-s0.07
2019-2020,0.026939177506399865,0.12856949205524937,eng-championship,level-s0.08-form-s0.07
2020-2021,0.009462570967849424,0.14651117122206045,eng-championship,level-s0.08-form-s0.07
2021-2022,-0.003667836833703498,0.15360595829233642,eng-championship,level-s0.08-form-s0.07
2022-2023,-0.011373932757685917,0.1380026138588771,eng-championship,level-s0.08-form-s0.07
2023-2024,-0.01862830972691273,0.15414405670934767,eng-championship,level-s0.08-form-s0.07
2024-2025,-0.011720128782908045,0.14864239039930263,eng-championship,level-s0.08-form-s0.07
2025-2026,-0.023440396275128297,0.13715433192515247,eng-championship,level-s0.08-form-s0.07
2026-2027,-0.010579773618670631,0.12296358287173037,eng-championship,level-s0.08-form-s0.07
2011-2012,0.006276317258290809,0.14217623487205872,eng-championship,level-s0.08-form-s0.10
2012-2013,-0.007150194376920909,0.09775532310518187,eng-championship,level-s0.08-form-s0.10
2013-2014,0.012270114427881043,0.1419234062482808,eng-championship,level-s0.08-form-s0.10
2014-2015,0.01942224967288386,0.16311435053428036,eng-championship,level-s0.08-form-s0.10
2015-2016,0.021793385116314828,0.14841973164155262,eng-championship,level-s0.08-form-s0.10
2016-2017,0.010416126143939825,0.1312257948581829,eng-championship,level-s0.08-form-s0.10
2017-2018,0.01889423855174785,0.15946379921977644,eng-championship,level-s0.08-form-s0.10
2018-2019,0.01179715300477975,0.15352710923667567,eng-championship,level-s0.08-form-s0.10
2019-2020,0.02601169884518507,0.13840452494480296,eng-championship,level-s0.08-form-s0.10
2020-2021,0.008866011433395214,0.15287240744567188,eng-championship,level-s0.08-form-s0.10
2021-2022,-0.003780741965796647,0.1617026847923348,eng-championship,level-s0.08-form-s0.10
2022-2023,-0.010878400648040507,0.14342122830343795,eng-championship,level-s0.08-form-s0.10
2023-2024,-0.016934652208058766,0.15622205298191133,eng-championship,level-s0.08-form-s0.10
2024-2025,-0.010886588865029865,0.1504388287167417,eng-championship,level-s0.08-form-s0.10
2025-2026,-0.021909017991896578,0.14227334504396993,eng-championship,level-s0.08-form-s0.10
2026-2027,-0.009934843536245887,0.12915561553971774,eng-championship,level-s0.08-form-s0.10
2011-2012,0.014554669282737534,0.12018249114907036,eng-championship,r0.85-s0.06
2012-2013,-0.006307902138802453,0.07530607566942327,eng-championship,r0.85-s0.06
2013-2014,0.003110047984431504,0.10323870354881604,eng-championship,r0.85-s0.06
2014-2015,0.01321727635918235,0.1136995101638139,eng-championship,r0.85-s0.06
2015-2016,0.013461451848698104,0.11368901990145663,eng-championship,r0.85-s0.06
2016-2017,0.005413311726448052,0.09891912689983663,eng-championship,r0.85-s0.06
2017-2018,0.006233173315288327,0.11187304953941164,eng-championship,r0.85-s0.06
2018-2019,0.0016595519399252797,0.1154677887505309,eng-championship,r0.85-s0.06
2019-2020,0.009348303210892849,0.0892163817233048,eng-championship,r0.85-s0.06
2020-2021,0.004260199926802838,0.1147243820732672,eng-championship,r0.85-s0.06
2021-2022,-0.0016376447103621935,0.12026819936055852,eng-championship,r0.85-s0.06
2022-2023,-0.005376400787160094,0.10747369948589382,eng-championship,r0.85-s0.06
2023-2024,-5.398833418474603e-05,0.13441831917933889,eng-championship,r0.85-s0.06
2024-2025,-0.0024565304671243684,0.1284867409132035,eng-championship,r0.85-s0.06
2025-2026,-0.009831672056632499,0.11182906855491302,eng-championship,r0.85-s0.06
2026-2027,0.0029297544604413774,0.10376759797307095,eng-championship,r0.85-s0.06
2011-2012,0.01280544254455402,0.12627133186388514,eng-championship,r0.85-s0.09
2012-2013,-0.005693206274288642,0.08363061415401753,eng-championship,r0.85-s0.09
2013-2014,0.006280443426529367,0.12154002340651901,eng-championship,r0.85-s0.09
2014-2015,0.013996900689777181,0.14024439223257323,eng-championship,r0.85-s0.09
2015-2016,0.015444774658431545,0.12971746191165032,eng-championship,r0.85-s0.09
2016-2017,0.006497911842508075,0.1138076005437962,eng-championship,r0.85-s0.09
2017-2018,0.011484011543271715,0.13409422946295257,eng-championship,r0.85-s0.09
2018-2019,0.005085913798895528,0.13159867691107724,eng-championship,r0.85-s0.09
2019-2020,0.015927162612350273,0.109515989317008,eng-championship,r0.85-s0.09
2020-2021,0.004417494280958452,0.1307742822050506,eng-championship,r0.85-s0.09
2021-2022,-0.004662993138544949,0.13600570192384343,eng-championship,r0.85-s0.09
2022-2023,-0.00948408494751037,0.12272322844546932,eng-championship,r0.85-s0.09
2023-2024,-0.012036300484001748,0.14550400520159204,eng-championship,r0.85-s0.09
2024-2025,-0.007285446572583069,0.14031691638849444,eng-championship,r0.85-s0.09
2025-2026,-0.01686030172145116,0.1263719287242167,eng-championship,r0.85-s0.09
2026-2027,-0.0028947056608067292,0.11158709210575166,eng-championship,r0.85-s0.09
2011-2012,0.01043823291214904,0.1328679919169527,eng-championship,r0.85-s0.12
2012-2013,-0.005460642293544895,0.09173714379825443,eng-championship,r0.85-s0.12
2013-2014,0.009792570233914224,0.1364315881741211,eng-championship,r0.85-s0.12
2014-2015,0.015235652153681783,0.15980058033152686,eng-championship,r0.85-s0.12
2015-2016,0.016498709247392083,0.14232433154753454,eng-championship,r0.85-s0.12
2016-2017,0.00597035167482628,0.12551576268982187,eng-championship,r0.85-s0.12
2017-2018,0.015111474229734663,0.1525019040182168,eng-championship,r0.85-s0.12
2018-2019,0.007883653538678393,0.14529228596708543,eng-championship,r0.85-s0.12
2019-2020,0.021558922167268776,0.1288651795822958,eng-championship,r0.85-s0.12
2020-2021,0.00513274561091668,0.14474677817828407,eng-championship,r0.85-s0.12
2021-2022,-0.006495945471532712,0.15147114184143148,eng-championship,r0.85-s0.12
2022-2023,-0.012652059903794638,0.13624522022270016,eng-championship,r0.85-s0.12
2023-2024,-0.020526977754685816,0.1539881063147692,eng-championship,r0.85-s0.12
2024-2025,-0.008887105639970812,0.1482908437605949,eng-championship,r0.85-s0.12
2025-2026,-0.021185092949395665,0.13694799443932162,eng-championship,r0.85-s0.12
2026-2027,-0.006939015987891039,0.1192174494386206,eng-championship,r0.85-s0.12
2011-2012,0.010513250971276297,0.12891325372176474,eng-championship,r0.95-s0.06
2012-2013,-0.007286176188166638,0.08295388215628124,eng-championship,r0.95-s0.06
2013-2014,0.007011605620385132,0.1130616334754714,eng-championship,r0.95-s0.06
2014-2015,0.017673838236905933,0.1252837852034952,eng-championship,r0.95-s0.06
2015-2016,0.01843440682067142,0.12481369305117793,eng-championship,r0.95-s0.06
2016-2017,0.00726093110397587,0.10921433468247475,eng-championship,r0.95-s0.06
2017-2018,0.01153437266307159,0.12318858960508439,eng-championship,r0.95-s0.06
2018-2019,0.007016269410514941,0.12736836481422828,eng-championship,r0.95-s0.06
2019-2020,0.018201245781428652,0.10100515142253953,eng-championship,r0.95-s0.06
2020-2021,0.00822084586470879,0.12484012646773156,eng-championship,r0.95-s0.06
2021-2022,-0.001521373556762841,0.1304810202048754,eng-championship,r0.95-s0.06
2022-2023,-0.00787629456599376,0.11782754756867977,eng-championship,r0.95-s0.06
2023-2024,-0.007848224197475622,0.14269041637371307,eng-championship,r0.95-s0.06
2024-2025,-0.006831758008967125,0.13718472219019698,eng-championship,r0.95-s0.06
2025-2026,-0.01668120799550824,0.11842110587180497,eng-championship,r0.95-s0.06
2026-2027,-0.003164895387343949,0.10859267527031684,eng-championship,r0.95-s0.06
2011-2012,0.008836586322743931,0.1337715501292546,eng-championship,r0.95-s0.09
2012-2013,-0.006755941928315745,0.08970296103757072,eng-championship,r0.95-s0.09
2013-2014,0.010071928838856986,0.12947271666478666,eng-championship,r0.95-s0.09
2014-2015,0.018227454446027372,0.14955604913467305,eng-championship,r0.95-s0.09
2015-2016,0.020065891907857417,0.1389992239873417,eng-championship,r0.95-s0.09
2016-2017,0.008066068045864502,0.12202115124562879,eng-championship,r0.95-s0.09
2017-2018,0.016503620117756652,0.1433428887384789,eng-championship,r0.95-s0.09
2018-2019,0.01015948293160455,0.14114478244759573,eng-championship,r0.95-s0.09
2019-2020,0.024571516579153834,0.11907962032443066,eng-championship,r0.95-s0.09
2020-2021,0.008044327559348035,0.13902669779860136,eng-championship,r0.95-s0.09
2021-2022,-0.004471114798034966,0.1444648951399902,eng-championship,r0.95-s0.09
2022-2023,-0.01179601557264621,0.13127860517960613,eng-championship,r0.95-s0.09
2023-2024,-0.019465580017458243,0.15189194444258383,eng-championship,r0.95-s0.09
2024-2025,-0.011297095439452468,0.14679514292095105,eng-championship,r0.95-s0.09
2025-2026,-0.023231881117697473,0.13105532765323363,eng-championship,r0.95-s0.09
2026-2027,-0.008544816117798436,0.11549665880943778,eng-championship,r0.95-s0.09
2011-2012,0.0065472707851213265,0.13916151668684174,eng-championship,r0.95-s0.12
2012-2013,-0.0065902464005222205,0.09653965527465068,eng-championship,r0.95-s0.12
2013-2014,0.013515516877602218,0.14289661645728172,eng-championship,r0.95-s0.12
2014-2015,0.019254437203449454,0.16741357020269423,eng-championship,r0.95-s0.12
2015-2016,0.02088378386857005,0.15000697475876915,eng-championship,r0.95-s0.12
2016-2017,0.007333600071032717,0.13223456351287474,eng-championship,r0.95-s0.12
2017-2018,0.019842537682665393,0.16010690263868718,eng-championship,r0.95-s0.12
2018-2019,0.01262919076770779,0.15296251919104084,eng-championship,r0.95-s0.12
2019-2020,0.029965427191834298,0.1365911028079735,eng-championship,r0.95-s0.12
2020-2021,0.008529380776986109,0.15150538349579573,eng-championship,r0.95-s0.12
2021-2022,-0.006245461465856605,0.15836059709464462,eng-championship,r0.95-s0.12
2022-2023,-0.014855225154711202,0.14334330111143093,eng-championship,r0.95-s0.12
2023-2024,-0.027571655454433686,0.15907689514489706,eng-championship,r0.95-s0.12
2024-2025,-0.012385269060182844,0.15335945556647532,eng-championship,r0.95-s0.12
2025-2026,-0.026910983400646477,0.14049560800423627,eng-championship,r0.95-s0.12
2026-2027,-0.011897172676785606,0.12239280683034698,eng-championship,r0.95-s0.12
2011-2012,0.00823645453334313,0.13309527088205078,eng-championship,r1.00-s0.06
2012-2013,-0.007744167885154124,0.08672035645380644,eng-championship,r1.00-s0.06
2013-2014,0.009477758478947764,0.1180586030484856,eng-championship,r1.00-s0.06
2014-2015,0.02030651465923149,0.13123683500588443,eng-championship,r1.00-s0.06
2015-2016,0.021278643154004434,0.1304617506533969,eng-championship,r1.00-s0.06
2016-2017,0.008127613966968605,0.11443973280146287,eng-championship,r1.00-s0.06
2017-2018,0.014688040714753386,0.1289847063983821,eng-championship,r1.00-s0.06
2018-2019,0.010472496973060935,0.1333310628450967,eng-championship,r1.00-s0.06
2019-2020,0.024037538195282374,0.10717457751363714,eng-championship,r1.00-s0.06
2020-2021,0.010654552137212467,0.1299565440878336,eng-championship,r1.00-s0.06
2021-2022,-0.001274695283810491,0.13558948051803066,eng-championship,r1.00-s0.06
2022-2023,-0.009138780070612558,0.12304009799460783,eng-championship,r1.00-s0.06
2023-2024,-0.012720706130602928,0.1467443172201947,eng-championship,r1.00-s0.06
2024-2025,-0.0096114671250158,0.14146244086861332,eng-championship,r1.00-s0.06
2025-2026,-0.020949265036015727,0.12169556257342469,eng-championship,r1.00-s0.06
2026-2027,-0.0070248453730130875,0.11111641667617521,eng-championship,r1.00-s0.06
2011-2012,0.006594696496974255,0.137395565334375,eng-championship,r1.00-s0.09
2012-2013,-0.007280138256203869,0.09271518944714731,eng-championship,r1.00-s0.09
2013-2014,0.01240636345564484,0.13344720495861362,eng-championship,r1.00-s0.09
2014-2015,0.020659475835289848,0.15423448720687788,eng-championship,r1.00-s0.09
2015-2016,0.022602817084627146,0.14362634354675113,eng-championship,r1.00-s0.09
2016-2017,0.008751847307540774,0.1261262718249732,eng-championship,r1.00-s0.09
2017-2018,0.019360392236785862,0.14799856857797167,eng-championship,r1.00-s0.09
2018-2019,0.013262432996326456,0.1458962330779849,eng-championship,r1.00-s0.09
2019-2020,0.029854128666405123,0.12400687228242346,eng-championship,r1.00-s0.09
2020-2021,0.01016414545814902,0.14313779682284056,eng-championship,r1.00-s0.09
2021-2022,-0.004191870370916856,0.1486719615173257,eng-championship,r1.00-s0.09
2022-2023,-0.012880286926394877,0.13553701717756986,eng-championship,r1.00-s0.09
2023-2024,-0.023696816692440555,0.15503234633102722,eng-championship,r1.00-s0.09
2024-2025,-0.013519914483239713,0.14999482732652916,eng-championship,r1.00-s0.09
2025-2026,-0.026805668141906606,0.13338154553565926,eng-championship,r1.00-s0.09
2026-2027,-0.011752685635141277,0.11750026688761525,eng-championship,r1.00-s0.09
2011-2012,0.004344951676382158,0.1422311876813801,eng-championship,r1.00-s0.12
2012-2013,-0.007164972996410789,0.09893667974113012,eng-championship,r1.00-s0.12
2013-2014,0.015749826895674945,0.14611611571027633,eng-championship,r1.00-s0.12
2014-2015,0.02150477203022136,0.17120632856072496,eng-championship,r1.00-s0.12
2015-2016,0.02323709716189701,0.15382218727731384,eng-championship,r1.00-s0.12
2016-2017,0.007929344291407488,0.1355709512039969,eng-championship,r1.00-s0.12
2017-2018,0.022457354303968006,0.16390951708532034,eng-championship,r1.00-s0.12
2018-2019,0.015412750655843485,0.15678252827749445,eng-championship,r1.00-s0.12
2019-2020,0.03485587718311837,0.14055006899385045,eng-championship,r1.00-s0.12
2020-2021,0.010425426321098006,0.1548606898740996,eng-championship,r1.00-s0.12
2021-2022,-0.005971615831617381,0.16179214433240593,eng-championship,r1.00-s0.12
2022-2023,-0.01587446378361746,0.146867529540733,eng-championship,r1.00-s0.12
2023-2024,-0.031404465486826925,0.16159281191316846,eng-championship,r1.00-s0.12
2024-2025,-0.014213094670665824,0.15587410384269051,eng-championship,r1.00-s0.12
2025-2026,-0.029975887654906663,0.14226077058280004,eng-championship,r1.00-s0.12
2026-2027,-0.014576792939125045,0.12400672152696296,eng-championship,r1.00-s0.12
2011-2012,-0.009089997783759891,0.14221599191920645,eng-league-one,level-s0.04-form-s0.10
2012-2013,-0.006579979536720337,0.11887040542924067,eng-league-one,level-s0.04-form-s0.10
2013-2014,-0.016624036679506314,0.13491283864458012,eng-league-one,level-s0.04-form-s0.10
2014-2015,-0.009194313080955986,0.14135134710966013,eng-league-one,level-s0.04-form-s0.10
2015-2016,-0.006937834833992147,0.12474516444980695,eng-league-one,level-s0.04-form-s0.10
2016-2017,-0.00047146325951752957,0.12178939005304645,eng-league-one,level-s0.04-form-s0.10
2017-2018,0.019602325436641203,0.1396046329580055,eng-league-one,level-s0.04-form-s0.10
2018-2019,0.025487402546816657,0.13634754768546622,eng-league-one,level-s0.04-form-s0.10
2019-2020,0.01564752336409226,0.1477709857402079,eng-league-one,level-s0.04-form-s0.10
2020-2021,0.03200345283335531,0.14733992331562254,eng-league-one,level-s0.04-form-s0.10
2021-2022,0.039531651458060334,0.15326557898566565,eng-league-one,level-s0.04-form-s0.10
2022-2023,0.05744324958053321,0.17663255782532986,eng-league-one,level-s0.04-form-s0.10
2023-2024,0.0582365608454044,0.1526597574491033,eng-league-one,level-s0.04-form-s0.10
2024-2025,0.05725655057036919,0.14664108245672547,eng-league-one,level-s0.04-form-s0.10
2025-2026,0.06123843887505421,0.12994855117911144,eng-league-one,level-s0.04-form-s0.10
2026-2027,0.060819654820428386,0.10939604763619908,eng-league-one,level-s0.04-form-s0.10
2011-2012,-0.00871206100842174,0.15143937634064136,eng-league-one,level-s0.04-form-s0.15
2012-2013,-0.0058886188819516246,0.12351890695286627,eng-league-one,level-s0.04-form-s0.15
2013-2014,-0.01567997189653252,0.14817924158599732,eng-league-one,level-s0.04-form-s0.15
2014-2015,-0.00538077926803207,0.1599735067902924,eng-league-one,level-s0.04-form-s0.15
2015-2016,-0.00553332859628855,0.13870840677282378,eng-league-one,level-s0.04-form-s0.15
2016-2017,0.0003963082445217368,0.14122857712578488,eng-league-one,level-s0.04-form-s0.15
2017-2018,0.01788962750219215,0.14992592945699712,eng-league-one,level-s0.04-form-s0.15
2018-2019,0.023814427780915973,0.15189880526418487,eng-league-one,level-s0.04-form-s0.15
2019-2020,0.01677362219014698,0.16134664504876087,eng-league-one,level-s0.04-form-s0.15
2020-2021,0.031633824872364893,0.1587639898078353,eng-league-one,level-s0.04-form-s0.15
2021-2022,0.0352197949569006,0.1654665293624603,eng-league-one,level-s0.04-form-s0.15
2022-2023,0.0530656282132753,0.19695981724083542,eng-league-one,level-s0.04-form-s0.15
2023-2024,0.052925477694739285,0.16514661804255085,eng-league-one,level-s0.04-form-s0.15
2024-2025,0.05212317633823895,0.159190656126442,eng-league-one,level-s0.04-form-s0.15
2025-2026,0.055742131505757776,0.14699030566659124,eng-league-one,level-s0.04-form-s0.15
2026-2027,0.05709894718841174,0.12615112408856283,eng-league-one,level-s0.04-form-s0.15
2011-2012,-0.009385822708020793,0.13972746563918584,eng-league-one,level-s0.06-form-s0.07
2012-2013,-0.0068425325856901476,0.11962531147586455,eng-league-one,level-s0.06-form-s0.07
2013-2014,-0.018905169458325568,0.13301189326868168,eng-league-one,level-s0.06-form-s0.07
2014-2015,-0.009881438887360025,0.13762066517925478,eng-league-one,level-s0.06-form-s0.07
2015-2016,-0.007964949295224642,0.12178798008347379,eng-league-one,level-s0.06-form-s0.07
2016-2017,-0.0016952784055716873,0.1182465181808071,eng-league-one,level-s0.06-form-s0.07
2017-2018,0.018981492930683765,0.13830624937149472,eng-league-one,level-s0.06-form-s0.07
2018-2019,0.022000654958359348,0.1335386765300043,eng-league-one,level-s0.06-form-s0.07
2019-2020,0.016122899515536592,0.1473515305600781,eng-league-one,level-s0.06-form-s0.07
2020-2021,0.030606986315195855,0.15036693133074874,eng-league-one,level-s0.06-form-s0.07
2021-2022,0.039088315446262505,0.15152090092070863,eng-league-one,level-s0.06-form-s0.07
2022-2023,0.06196587846305321,0.17416114795711188,eng-league-one,level-s0.06-form-s0.07
2023-2024,0.0624630538141109,0.15381153474080936,eng-league-one,level-s0.06-form-s0.07
2024-2025,0.0560136830132049,0.1463789215528408,eng-league-one,level-s0.06-form-s0.07
2025-2026,0.06212549868987043,0.1278662387385033,eng-league-one,level-s0.06-form-s0.07
2026-2027,0.061374787577368466,0.10339757499623393,eng-league-one,level-s0.06-form-s0.07
2011-2012,-0.009222465577145353,0.14485923724368832,eng-league-one,level-s0.06-form-s0.10
2012-2013,-0.006489419313835845,0.12103953053075261,eng-league-one,level-s0.06-form-s0.10
2013-2014,-0.018244606296248602,0.13929919265381607,eng-league-one,level-s0.06-form-s0.10
2014-2015,-0.008035993408902773,0.14733409448646836,eng-league-one,level-s0.06-form-s0.10
2015-2016,-0.007126908728518293,0.1285354848897434,eng-league-one,level-s0.06-form-s0.10
2016-2017,-0.0011602882175876029,0.12838986201143449,eng-league-one,level-s0.06-form-s0.10
2017-2018,0.018068118638473657,0.14291689680899386,eng-league-one,level-s0.06-form-s0.10
2018-2019,0.021354737767794525,0.1415588245572043,eng-league-one,level-s0.06-form-s0.10
2019-2020,0.016412473289368623,0.15387000771726833,eng-league-one,level-s0.06-form-s0.10
2020-2021,0.030506405953991057,0.15433374434842045,eng-league-one,level-s0.06-form-s0.10
2021-2022,0.036834072656428,0.1587440274226683,eng-league-one,level-s0.06-form-s0.10
2022-2023,0.05917727892233207,0.18424533159722697,eng-league-one,level-s0.06-form-s0.10
2023-2024,0.05951940168784384,0.15938274762790258,eng-league-one,level-s0.06-form-s0.10
2024-2025,0.053411909937597646,0.15170386193227023,eng-league-one,level-s0.06-form-s0.10
2025-2026,0.05926272095802437,0.13623889982085133,eng-league-one,level-s0.06-form-s0.10
2026-2027,0.059442161649073046,0.11174044684930921,eng-league-one,level-s0.06-form-s0.10
2011-2012,-0.008821992613085231,0.1531389184863048,eng-league-one,level-s0.06-form-s0.15
2012-2013,-0.005841408670006869,0.1251303003975907,eng-league-one,level-s0.06-form-s0.15
2013-2014,-0.01711309163734537,0.1509591263452483,eng-league-one,level-s0.06-form-s0.15
2014-2015,-0.004617661268270412,0.16375472106413547,eng-league-one,level-s0.06-form-s0.15
2015-2016,-0.005770702355362495,0.1413193876224441,eng-league-one,level-s0.06-form-s0.15
2016-2017,-0.00026879060028335593,0.14526000350438673,eng-league-one,level-s0.06-form-s0.15
2017-2018,0.01632513345871725,0.15230395686636658,eng-league-one,level-s0.06-form-s0.15
2018-2019,0.02048296398206473,0.15523634808505038,eng-league-one,level-s0.06-form-s0.15
2019-2020,0.017245978852296468,0.1653777592460925,eng-league-one,level-s0.06-form-s0.15
2020-2021,0.02992126324930522,0.16355445184364167,eng-league-one,level-s0.06-form-s0.15
2021-2022,0.03293716082695133,0.1692109576755172,eng-league-one,level-s0.06-form-s0.15
2022-2023,0.05437660420151765,0.20186636685684992,eng-league-one,level-s0.06-form-s0.15
2023-2024,0.054421625803900676,0.16994308338650624,eng-league-one,level-s0.06-form-s0.15
2024-2025,0.04947410736057748,0.162700216426355,eng-league-one,level-s0.06-form-s0.15
2025-2026,0.05481072226537887,0.15142041914112678,eng-league-one,level-s0.06-form-s0.15
2026-2027,0.05651440378076696,0.12791454404009736,eng-league-one,level-s0.06-form-s0.15
2011-2012,-0.009561141342004654,0.14382966900771788,eng-league-one,level-s0.08-form-s0.07
2012-2013,-0.0067683278194761035,0.12252566184884751,eng-league-one,level-s0.08-form-s0.07
2013-2014,-0.021235201081925854,0.13925496351050629,eng-league-one,level-s0.08-form-s0.07
2014-2015,-0.008507683847581268,0.14591759964985657,eng-league-one,level-s0.08-form-s0.07
2015-2016,-0.007909851105417238,0.1270196265094108,eng-league-one,level-s0.08-form-s0.07
2016-2017,-0.0026572837853476275,0.12742997737142955,eng-league-one,level-s0.08-form-s0.07
2017-2018,0.01652353507083913,0.14290626363996586,eng-league-one,level-s0.08-form-s0.07
2018-2019,0.01663950895552812,0.1410686983372681,eng-league-one,level-s0.08-form-s0.07
2019-2020,0.017130875137723944,0.15495138418710772,eng-league-one,level-s0.08-form-s0.07
2020-2021,0.029053640482620085,0.15749966639769197,eng-league-one,level-s0.08-form-s0.07
2021-2022,0.035252029563300216,0.15864857322192139,eng-league-one,level-s0.08-form-s0.07
2022-2023,0.06291362750238282,0.184240459313322,eng-league-one,level-s0.08-form-s0.07
2023-2024,0.06268928202991325,0.16142539974199815,eng-league-one,level-s0.08-form-s0.07
2024-2025,0.050519367120949045,0.15236881485782314,eng-league-one,level-s0.08-form-s0.07
2025-2026,0.05780917761504988,0.1352966704840678,eng-league-one,level-s0.08-form-s0.07
2026-2027,0.059285127120194785,0.10619168588961636,eng-league-one,level-s0.08-form-s0.07
2011-2012,-0.009382190592450646,0.14814906876653292,eng-league-one,level-s0.08-form-s0.10
2012-2013,-0.0064477327343685185,0.1236580953954233,eng-league-one,level-s0.08-form-s0.10
2013-2014,-0.020452981220506594,0.1443667138999646,eng-league-one,level-s0.08-form-s0.10
2014-2015,-0.006894047931084275,0.15401125851728825,eng-league-one,level-s0.08-form-s0.10
2015-2016,-0.00716943290420128,0.1329759094211758,eng-league-one,level-s0.08-form-s0.10
2016-2017,-0.0021303962566277712,0.13564032166741818,eng-league-one,level-s0.08-form-s0.10
2017-2018,0.015661882768476413,0.1469053596238886,eng-league-one,level-s0.08-form-s0.10
2018-2019,0.01651679989680145,0.14761327811955374,eng-league-one,level-s0.08-form-s0.10
2019-2020,0.017254157804959834,0.16016123486910996,eng-league-one,level-s0.08-form-s0.10
2020-2021,0.028632812033078704,0.16064419187437518,eng-league-one,level-s0.08-form-s0.10
2021-2022,0.033321897789456885,0.16457809446814875,eng-league-one,level-s0.08-form-s0.10
2022-2023,0.06007315040062874,0.1924247292786888,eng-league-one,level-s0.08-form-s0.10
2023-2024,0.060104675588389965,0.16591718990566348,eng-league-one,level-s0.08-form-s0.10
2024-2025,0.04884269583645051,0.1569063875260835,eng-league-one,level-s0.08-form-s0.10
2025-2026,0.05593925825092328,0.14264949873342617,eng-league-one,level-s0.08-form-s0.10
2026-2027,0.05799993696845601,0.11429538181669786,eng-league-one,level-s0.08-form-s0.10
2011-2012,-0.008911145092517088,0.11936554988419852,eng-league-one,r0.85-s0.06
2012-2013,-0.0034186112580383305,0.10539428501804625,eng-league-one,r0.85-s0.06
2013-2014,-0.0030448914984655107,0.11011986955651017,eng-league-one,r0.85-s0.06
2014-2015,-0.005239228544432019,0.1076377656566554,eng-league-one,r0.85-s0.06
2015-2016,-0.002816713791084681,0.09948604632465285,eng-league-one,r0.85-s0.06
2016-2017,0.004548227479712312,0.09031139538827113,eng-league-one,r0.85-s0.06
2017-2018,0.02852294279725018,0.11918487963867219,eng-league-one,r0.85-s0.06
2018-2019,0.03243886654671719,0.10902222994839912,eng-league-one,r0.85-s0.06
2019-2020,0.017149718365204385,0.12355134710276065,eng-league-one,r0.85-s0.06
2020-2021,0.03590284969202398,0.12256081616589959,eng-league-one,r0.85-s0.06
2021-2022,0.04106777252352024,0.12174294344833204,eng-league-one,r0.85-s0.06
2022-2023,0.05109154030005491,0.14063860982955667,eng-league-one,r0.85-s0.06
2023-2024,0.04727426944065773,0.1258649790957866,eng-league-one,r0.85-s0.06
2024-2025,0.04725628674927674,0.12312541587710314,eng-league-one,r0.85-s0.06
2025-2026,0.04783488566705066,0.10240961188383953,eng-league-one,r0.85-s0.06
2026-2027,0.046572286410477476,0.08458598631787298,eng-league-one,r0.85-s0.06
2011-2012,-0.009265175823737752,0.12943910651710025,eng-league-one,r0.85-s0.09
2012-2013,-0.003439025423101197,0.11216550981263446,eng-league-one,r0.85-s0.09
2013-2014,-0.007734984359367082,0.12466442837156533,eng-league-one,r0.85-s0.09
2014-2015,-0.0036073241683385313,0.12763723622433432,eng-league-one,r0.85-s0.09
2015-2016,-0.004411014235008326,0.11224523519518079,eng-league-one,r0.85-s0.09
2016-2017,0.0018394926046165008,0.11150869898444904,eng-league-one,r0.85-s0.09
2017-2018,0.023264914473080656,0.12942756340701994,eng-league-one,r0.85-s0.09
2018-2019,0.022441670760819928,0.12576216401021958,eng-league-one,r0.85-s0.09
2019-2020,0.017419866719533873,0.1396636672182496,eng-league-one,r0.85-s0.09
2020-2021,0.03231034141094328,0.14030973107248038,eng-league-one,r0.85-s0.09
2021-2022,0.03456541345100087,0.14029651924087788,eng-league-one,r0.85-s0.09
2022-2023,0.053245825132080954,0.1638173038464712,eng-league-one,r0.85-s0.09
2023-2024,0.04802486284427937,0.1438249440457883,eng-league-one,r0.85-s0.09
2024-2025,0.03925084625965452,0.13700956987969104,eng-league-one,r0.85-s0.09
2025-2026,0.04261650882459402,0.11896059750797139,eng-league-one,r0.85-s0.09
2026-2027,0.045148320909226665,0.09108815384013262,eng-league-one,r0.85-s0.09
2011-2012,-0.009578496207419603,0.1397464787311487,eng-league-one,r0.85-s0.12
2012-2013,-0.0038309741366549504,0.11883668195366366,eng-league-one,r0.85-s0.12
2013-2014,-0.01364097354363932,0.13770854379843953,eng-league-one,r0.85-s0.12
2014-2015,-0.002880569044317513,0.14473579322580332,eng-league-one,r0.85-s0.12
2015-2016,-0.005073141521152282,0.12431780807002704,eng-league-one,r0.85-s0.12
2016-2017,-0.0008504186102628632,0.12908578583087116,eng-league-one,r0.85-s0.12
2017-2018,0.017058848151434634,0.1395750520254302,eng-league-one,r0.85-s0.12
2018-2019,0.01309766288863858,0.1410740581334206,eng-league-one,r0.85-s0.12
2019-2020,0.018376097297560286,0.15319111641642622,eng-league-one,r0.85-s0.12
2020-2021,0.029346436835534794,0.15249631991174034,eng-league-one,r0.85-s0.12
2021-2022,0.028429960882318663,0.15589107445253478,eng-league-one,r0.85-s0.12
2022-2023,0.05386694125775555,0.18361091436567434,eng-league-one,r0.85-s0.12
2023-2024,0.04858550127916319,0.15788323691576492,eng-league-one,r0.85-s0.12
2024-2025,0.03163086189587442,0.14899371724293714,eng-league-one,r0.85-s0.12
2025-2026,0.036987573126256175,0.13377305039459897,eng-league-one,r0.85-s0.12
2026-2027,0.04468258212521998,0.09765672221245966,eng-league-one,r0.85-s0.12
2011-2012,-0.009348867649550492,0.12859753546313007,eng-league-one,r0.95-s0.06
2012-2013,-0.006029372934775945,0.11455673737776466,eng-league-one,r0.95-s0.06
2013-2014,-0.013600286995645437,0.12057332542990097,eng-league-one,r0.95-s0.06
2014-2015,-0.009622420780592413,0.11937498299841134,eng-league-one,r0.95-s0.06
2015-2016,-0.006981038915710523,0.10916955149113766,eng-league-one,r0.95-s0.06
2016-2017,0.0003281667656855848,0.100130886897397,eng-league-one,r0.95-s0.06
2017-2018,0.023684416274011008,0.12876899002405812,eng-league-one,r0.95-s0.06
2018-2019,0.02752074392436371,0.1184124768538802,eng-league-one,r0.95-s0.06
2019-2020,0.017070912428750834,0.13400822482134964,eng-league-one,r0.95-s0.06
2020-2021,0.03398999273427465,0.13882231815662283,eng-league-one,r0.95-s0.06
2021-2022,0.04325902354401243,0.13490121618784762,eng-league-one,r0.95-s0.06
2022-2023,0.061381226955269604,0.15470337756263414,eng-league-one,r0.95-s0.06
2023-2024,0.060063429370785515,0.1401932161117839,eng-league-one,r0.95-s0.06
2024-2025,0.05610656159449228,0.1350611860400407,eng-league-one,r0.95-s0.06
2025-2026,0.060278891368399395,0.11294484908280644,eng-league-one,r0.95-s0.06
2026-2027,0.058343692437328454,0.09140843409549602,eng-league-one,r0.95-s0.06
2011-2012,-0.009666477201688188,0.1372543381046342,eng-league-one,r0.95-s0.09
2012-2013,-0.005903572898304589,0.1198643397677164,eng-league-one,r0.95-s0.09
2013-2014,-0.017794329922143658,0.13316595623524946,eng-league-one,r0.95-s0.09
2014-2015,-0.0074466707347599324,0.13656843593417287,eng-league-one,r0.95-s0.09
2015-2016,-0.0072583744204084396,0.11971873648185533,eng-league-one,r0.95-s0.09
2016-2017,-0.0016194775516382416,0.11910663421822094,eng-league-one,r0.95-s0.09
2017-2018,0.019058324231023074,0.13751868911795306,eng-league-one,r0.95-s0.09
2018-2019,0.017659143267129477,0.13372678813060157,eng-league-one,r0.95-s0.09
2019-2020,0.018081907690650635,0.1486239138248603,eng-league-one,r0.95-s0.09
2020-2021,0.031174205827373597,0.15223680439235227,eng-league-one,r0.95-s0.09
2021-2022,0.03613939822065356,0.15002876809356805,eng-league-one,r0.95-s0.09
2022-2023,0.0625720494215322,0.17503541646048193,eng-league-one,r0.95-s0.09
2023-2024,0.05974772086516617,0.15497716401328232,eng-league-one,r0.95-s0.09
2024-2025,0.046351333670254506,0.14631292698348833,eng-league-one,r0.95-s0.09
2025-2026,0.05249466459513999,0.1269758746439277,eng-league-one,r0.95-s0.09
2026-2027,0.05479924077590306,0.09650329769878838,eng-league-one,r0.95-s0.09
2011-2012,-0.009951025651188,0.14626769143167295,eng-league-one,r0.95-s0.12
2012-2013,-0.0061394091329322565,0.12522681326123536,eng-league-one,r0.95-s0.12
2013-2014,-0.02316283457800396,0.14463585701945697,eng-league-one,r0.95-s0.12
2014-2015,-0.006124654231167768,0.15166997554256,eng-league-one,r0.95-s0.12
2015-2016,-0.0070261695409590845,0.13017746734409083,eng-league-one,r0.95-s0.12
2016-2017,-0.003766149452847744,0.1351058423301592,eng-league-one,r0.95-s0.12
2017-2018,0.013271420701400279,0.14635189101401908,eng-league-one,r0.95-s0.12
2018-2019,0.008463337815801735,0.1477529246945691,eng-league-one,r0.95-s0.12
2019-2020,0.019610976805375095,0.1607730478789106,eng-league-one,r0.95-s0.12
2020-2021,0.02885870569839563,0.16151061534090974,eng-league-one,r0.95-s0.12
2021-2022,0.02966138472245577,0.16351303824665359,eng-league-one,r0.95-s0.12
2022-2023,0.06258650451878028,0.19262425160922533,eng-league-one,r0.95-s0.12
2023-2024,0.05945315905714187,0.1667148814686156,eng-league-one,r0.95-s0.12
2024-2025,0.03737921580600376,0.15635790957921117,eng-league-one,r0.95-s0.12
2025-2026,0.04500024728900557,0.1399379163290067,eng-league-one,r0.95-s0.12
2026-2027,0.05280275839443176,0.10202820957992186,eng-league-one,r0.95-s0.12
2011-2012,-0.009534180473426591,0.13306916499653995,eng-league-one,r1.00-s0.06
2012-2013,-0.007293434677283461,0.11902864235111349,eng-league-one,r1.00-s0.06
2013-2014,-0.019754249571088022,0.12580826819720553,eng-league-one,r1.00-s0.06
2014-2015,-0.012030383935959134,0.1253002839180931,eng-league-one,r1.00-s0.06
2015-2016,-0.009058986422440567,0.11401196364183935,eng-league-one,r1.00-s0.06
2016-2017,-0.0023911315308612633,0.10518783715204846,eng-league-one,r1.00-s0.06
2017-2018,0.020010711284086224,0.13357817076439416,eng-league-one,r1.00-s0.06
2018-2019,0.023024237461845353,0.12331648271769856,eng-league-one,r1.00-s0.06
2019-2020,0.015980924222800116,0.13928372311535853,eng-league-one,r1.00-s0.06
2020-2021,0.03059949611020678,0.14710820932318044,eng-league-one,r1.00-s0.06
2021-2022,0.04195920260574145,0.1415483003815787,eng-league-one,r1.00-s0.06
2022-2023,0.06549999120646778,0.16172827898487294,eng-league-one,r1.00-s0.06
2023-2024,0.06612460147392644,0.14735983034229855,eng-league-one,r1.00-s0.06
2024-2025,0.05962527714415245,0.14112436818675095,eng-league-one,r1.00-s0.06
2025-2026,0.06605138906079207,0.1182874591071509,eng-league-one,r1.00-s0.06
2026-2027,0.06407071953967891,0.09499934970529685,eng-league-one,r1.00-s0.06
2011-2012,-0.009830965599003033,0.14106498039788862,eng-league-one,r1.00-s0.09
2012-2013,-0.007133465605094965,0.12363702608803019,eng-league-one,r1.00-s0.09
2013-2014,-0.023632604201889035,0.13740870964525317,eng-league-one,r1.00-s0.09
2014-2015,-0.009601055871037559,0.14105814469435182,eng-league-one,r1.00-s0.09
2015-2016,-0.008663340988027677,0.12344386029095997,eng-league-one,r1.00-s0.09
2016-2017,-0.0037897561200113685,0.12296316950664747,eng-league-one,r1.00-s0.09
2017-2018,0.015997362676886555,0.14154698994857096,eng-league-one,r1.00-s0.09
2018-2019,0.013889823285217762,0.13779299736298153,eng-league-one,r1.00-s0.09
2019-2020,0.01781297334794269,0.15306394848134602,eng-league-one,r1.00-s0.09
2020-2021,0.02910525143782619,0.15813755726667877,eng-league-one,r1.00-s0.09
2021-2022,0.035506202396223895,0.15489323857594522,eng-league-one,r1.00-s0.09
2022-2023,0.06670734643910954,0.18061355217929023,eng-league-one,r1.00-s0.09
2023-2024,0.06556429803581969,0.16052449202823374,eng-league-one,r1.00-s0.09
2024-2025,0.0493996146808225,0.1509750689965755,eng-league-one,r1.00-s0.09
2025-2026,0.057223037841614775,0.1310074320207745,eng-league-one,r1.00-s0.09
2026-2027,0.05963848930575718,0.09931415828103984,eng-league-one,r1.00-s0.09
2011-2012,-0.010097154225189734,0.14946396751718266,eng-league-one,r1.00-s0.12
2012-2013,-0.00731762394150563,0.12837363171666621,eng-league-one,r1.00-s0.12
2013-2014,-0.0286342068307667,0.14809251404568763,eng-league-one,r1.00-s0.12
2014-2015,-0.007942627563525621,0.1551514644210303,eng-league-one,r1.00-s0.12
2015-2016,-0.007962789685248653,0.13310147124853824,eng-league-one,r1.00-s0.12
2016-2017,-0.005533960182529367,0.13814085239245508,eng-league-one,r1.00-s0.12
2017-2018,0.010667120397750217,0.14972212045874358,eng-league-one,r1.00-s0.12
2018-2019,0.0052056437093754284,0.15112250851134373,eng-league-one,r1.00-s0.12
2019-2020,0.019905687748104667,0.16451215718699266,eng-league-one,r1.00-s0.12
2020-2021,0.027698142178676003,0.1659347980808341,eng-league-one,r1.00-s0.12
2021-2022,0.029423218764584615,0.1673083122643247,eng-league-one,r1.00-s0.12
2022-2023,0.06669142215636781,0.19710774917558377,eng-league-one,r1.00-s0.12
2023-2024,0.06496213521871086,0.1711114451678892,eng-league-one,r1.00-s0.12
2024-2025,0.03996518012972337,0.1600370283505514,eng-league-one,r1.00-s0.12
2025-2026,0.048934480936502156,0.14304029246202354,eng-league-one,r1.00-s0.12
2026-2027,0.05694866138557359,0.1042858608756844,eng-league-one,r1.00-s0.12
2011-2012,-0.006478905500585316,0.14311017963139017,eng-league-two,level-s0.04-form-s0.10
2012-2013,-0.026563308553461753,0.0805971121902406,eng-league-two,level-s0.04-form-s0.10
2013-2014,-0.03349389924599185,0.09599147963170483,eng-league-two,level-s0.04-form-s0.10
2014-2015,-0.031117198566773113,0.12033914035717445,eng-league-two,level-s0.04-form-s0.10
2015-2016,-0.035080783970437485,0.12821166192763114,eng-league-two,level-s0.04-form-s0.10
2016-2017,-0.04031627006211205,0.12467229000666342,eng-league-two,level-s0.04-form-s0.10
2017-2018,-0.036668214294473374,0.10760275601691742,eng-league-two,level-s0.04-form-s0.10
2018-2019,-0.044041685209846686,0.1006331516789888,eng-league-two,level-s0.04-form-s0.10
2019-2020,-0.03892032916162525,0.09517314455106224,eng-league-two,level-s0.04-form-s0.10
2020-2021,-0.045328103914336566,0.07761453712571137,eng-league-two,level-s0.04-form-s0.10
2021-2022,-0.04145452298213001,0.1324019947705331,eng-league-two,level-s0.04-form-s0.10
2022-2023,-0.03639111045153156,0.10227084200716037,eng-league-two,level-s0.04-form-s0.10
2023-2024,-0.03769794276837465,0.11346720353990562,eng-league-two,level-s0.04-form-s0.10
2024-2025,-0.0434093470876358,0.09333402947856337,eng-league-two,level-s0.04-form-s0.10
2025-2026,-0.03935575411169449,0.12766930470402163,eng-league-two,level-s0.04-form-s0.10
2026-2027,-0.03481762314086904,0.1037121373593893,eng-league-two,level-s0.04-form-s0.10
2011-2012,-0.006296563300259481,0.14979547339747798,eng-league-two,level-s0.04-form-s0.15
2012-2013,-0.024346873854662925,0.08167468425846132,eng-league-two,level-s0.04-form-s0.15
2013-2014,-0.0315214788009032,0.10724089622622734,eng-league-two,level-s0.04-form-s0.15
2014-2015,-0.029040929315196282,0.13757376090715348,eng-league-two,level-s0.04-form-s0.15
2015-2016,-0.03364054612824665,0.15178050944401345,eng-league-two,level-s0.04-form-s0.15
2016-2017,-0.03800267033882917,0.13934066289121505,eng-league-two,level-s0.04-form-s0.15
2017-2018,-0.0317690425661634,0.11673942352192192,eng-league-two,level-s0.04-form-s0.15
2018-2019,-0.03854479172996904,0.1091589944003769,eng-league-two,level-s0.04-form-s0.15
2019-2020,-0.032455086902727595,0.11392947615397363,eng-league-two,level-s0.04-form-s0.15
2020-2021,-0.03851675537022522,0.0900332035496752,eng-league-two,level-s0.04-form-s0.15
2021-2022,-0.037428688610480994,0.147989498495749,eng-league-two,level-s0.04-form-s0.15
2022-2023,-0.030401365290636015,0.11449624530086347,eng-league-two,level-s0.04-form-s0.15
2023-2024,-0.032587181218189445,0.12975162926187253,eng-league-two,level-s0.04-form-s0.15
2024-2025,-0.03850285058186282,0.10797425574024035,eng-league-two,level-s0.04-form-s0.15
2025-2026,-0.03559386739149228,0.1478258271708324,eng-league-two,level-s0.04-form-s0.15
2026-2027,-0.032139129012135344,0.12497908235845233,eng-league-two,level-s0.04-form-s0.15
2011-2012,-0.006599493521067527,0.14207859924664995,eng-league-two,level-s0.06-form-s0.07
2012-2013,-0.027136717663224036,0.08211451854419138,eng-league-two,level-s0.06-form-s0.07
2013-2014,-0.035323305739455746,0.09288750976550955,eng-league-two,level-s0.06-form-s0.07
2014-2015,-0.031600477306878774,0.11690705029325225,eng-league-two,level-s0.06-form-s0.07
2015-2016,-0.03282427050492932,0.12364476697473473,eng-league-two,level-s0.06-form-s0.07
2016-2017,-0.04063606974903145,0.12503512878077505,eng-league-two,level-s0.06-form-s0.07
2017-2018,-0.037136125490707356,0.10972455240967106,eng-league-two,level-s0.06-form-s0.07
2018-2019,-0.0482584627885232,0.10279940347379025,eng-league-two,level-s0.06-form-s0.07
2019-2020,-0.04200797953033469,0.09333480935812814,eng-league-two,level-s0.06-form-s0.07
2020-2021,-0.05171823420896856,0.0811285264115045,eng-league-two,level-s0.06-form-s0.07
2021-2022,-0.04517659637943731,0.13319891891595334,eng-league-two,level-s0.06-form-s0.07
2022-2023,-0.035651199279383705,0.10222858994392668,eng-league-two,level-s0.06-form-s0.07
2023-2024,-0.03939781673760223,0.11209628257531887,eng-league-two,level-s0.06-form-s0.07
2024-2025,-0.04730591992912639,0.09163037893920445,eng-league-two,level-s0.06-form-s0.07
2025-2026,-0.04348909751432242,0.12524748879011222,eng-league-two,level-s0.06-form-s0.07
2026-2027,-0.037835022802002016,0.10145281246712615,eng-league-two,level-s0.06-form-s0.07
2011-2012,-0.00655192727358907,0.14471608815514087,eng-league-two,level-s0.06-form-s0.10
2012-2013,-0.026150327682722418,0.08155200927957217,eng-league-two,level-s0.06-form-s0.10
2013-2014,-0.03434652431526283,0.09849739529948102,eng-league-two,level-s0.06-form-s0.10
2014-2015,-0.030752447932671997,0.12552400605299668,eng-league-two,level-s0.06-form-s0.10
2015-2016,-0.03255456697972732,0.13598707918747932,eng-league-two,level-s0.06-form-s0.10
2016-2017,-0.03953661428638238,0.13161964848065516,eng-league-two,level-s0.06-form-s0.10
2017-2018,-0.03442310588444424,0.1135262399164585,eng-league-two,level-s0.06-form-s0.10
2018-2019,-0.04521713310912645,0.10614265491230919,eng-league-two,level-s0.06-form-s0.10
2019-2020,-0.03844448514906953,0.10216148854677731,eng-league-two,level-s0.06-form-s0.10
2020-2021,-0.04747977792414107,0.08571670474416199,eng-league-two,level-s0.06-form-s0.10
2021-2022,-0.04261073808414048,0.14075074365148532,eng-league-two,level-s0.06-form-s0.10
2022-2023,-0.032417019848432,0.10723893244035662,eng-league-two,level-s0.06-form-s0.10
2023-2024,-0.03635832341693091,0.11879230625731056,eng-league-two,level-s0.06-form-s0.10
2024-2025,-0.04397871180059148,0.09861666371688861,eng-league-two,level-s0.06-form-s0.10
2025-2026,-0.04096802112174331,0.13536432501816428,eng-league-two,level-s0.06-form-s0.10
2026-2027,-0.036026325030313645,0.1100201053311679,eng-league-two,level-s0.06-form-s0.10
2011-2012,-0.0063469187840616585,0.15112571822994134,eng-league-two,level-s0.06-form-s0.15
2012-2013,-0.023992764741732925,0.08254953384131138,eng-league-two,level-s0.06-form-s0.15
2013-2014,-0.03208012591096516,0.10896438795606594,eng-league-two,level-s0.06-form-s0.15
2014-2015,-0.028680916106040705,0.1409245097625958,eng-league-two,level-s0.06-form-s0.15
2015-2016,-0.0316291944657548,0.156343931669665,eng-league-two,level-s0.06-form-s0.15
2016-2017,-0.0374368167611508,0.1438287285622648,eng-league-two,level-s0.06-form-s0.15
2017-2018,-0.030066011566312407,0.12057175902673363,eng-league-two,level-s0.06-form-s0.15
2018-2019,-0.03985270547884987,0.11290989777932732,eng-league-two,level-s0.06-form-s0.15
2019-2020,-0.032623436389886414,0.11837379108803302,eng-league-two,level-s0.06-form-s0.15
2020-2021,-0.04041352682955793,0.09483848365758822,eng-league-two,level-s0.06-form-s0.15
2021-2022,-0.03837868760300564,0.15333483976108297,eng-league-two,level-s0.06-form-s0.15
2022-2023,-0.027346694428097635,0.11803534748959238,eng-league-two,level-s0.06-form-s0.15
2023-2024,-0.03155570219834644,0.1332463601207854,eng-league-two,level-s0.06-form-s0.15
2024-2025,-0.03921087281099377,0.11140435320303338,eng-league-two,level-s0.06-form-s0.15
2025-2026,-0.03733645263472284,0.15278115013250407,eng-league-two,level-s0.06-form-s0.15
2026-2027,-0.03354703398591062,0.12916826269411522,eng-league-two,level-s0.06-form-s0.15
2011-2012,-0.006682601609037998,0.14430795205012703,eng-league-two,level-s0.08-form-s0.07
2012-2013,-0.026542123013802457,0.08322935570307444,eng-league-two,level-s0.08-form-s0.07
2013-2014,-0.03619824061215562,0.09665950157191934,eng-league-two,level-s0.08-form-s0.07
2014-2015,-0.03107846760068496,0.12414933282697978,eng-league-two,level-s0.08-form-s0.07
2015-2016,-0.029709482713944118,0.13445647633862323,eng-league-two,level-s0.08-form-s0.07
2016-2017,-0.039864878060856535,0.13378995379999212,eng-league-two,level-s0.08-form-s0.07
2017-2018,-0.034045502221978254,0.1167926043117068,eng-league-two,level-s0.08-form-s0.07
2018-2019,-0.04836326837743948,0.10926838033035673,eng-league-two,level-s0.08-form-s0.07
2019-2020,-0.039577475344734554,0.10169247441544355,eng-league-two,level-s0.08-form-s0.07
2020-2021,-0.052172982318338224,0.09014388412553732,eng-league-two,level-s0.08-form-s0.07
2021-2022,-0.04680769796266893,0.14315718452689075,eng-league-two,level-s0.08-form-s0.07
2022-2023,-0.03096037036739246,0.10840214934957867,eng-league-two,level-s0.08-form-s0.07
2023-2024,-0.0377040418014792,0.11876333691559424,eng-league-two,level-s0.08-form-s0.07
2024-2025,-0.04716559338053814,0.0986299784405856,eng-league-two,level-s0.08-form-s0.07
2025-2026,-0.04317937109754489,0.13506322764284573,eng-league-two,level-s0.08-form-s0.07
2026-2027,-0.036747400649448154,0.10852810381872215,eng-league-two,level-s0.08-form-s0.07
2011-2012,-0.006618464552792069,0.14681345557835124,eng-league-two,level-s0.08-form-s0.10
2012-2013,-0.025592454417572363,0.08275423227835567,eng-league-two,level-s0.08-form-s0.10
2013-2014,-0.03505871858648917,0.10165299175866944,eng-league-two,level-s0.08-form-s0.10
2014-2015,-0.030225177295727084,0.13142906417315936,eng-league-two,level-s0.08-form-s0.10
2015-2016,-0.029686459858574477,0.14439494728051314,eng-league-two,level-s0.08-form-s0.10
2016-2017,-0.0388694440828494,0.13885453248160196,eng-league-two,level-s0.08-form-s0.10
2017-2018,-0.03177423844538149,0.119409577172972,eng-league-two,level-s0.08-form-s0.10
2018-2019,-0.04578523814725053,0.1117143094941159,eng-league-two,level-s0.08-form-s0.10
2019-2020,-0.03682709034568885,0.10914721171392108,eng-league-two,level-s0.08-form-s0.10
2020-2021,-0.048335152909588015,0.09310606454789663,eng-league-two,level-s0.08-form-s0.10
2021-2022,-0.04414579922595906,0.1488977758454645,eng-league-two,level-s0.08-form-s0.10
2022-2023,-0.028291082007851836,0.11263452056648583,eng-league-two,level-s0.08-form-s0.10
2023-2024,-0.03493868624115704,0.1244054818495521,eng-league-two,level-s0.08-form-s0.10
2024-2025,-0.04419246791169348,0.10429709012648972,eng-league-two,level-s0.08-form-s0.10
2025-2026,-0.04121798471945347,0.14328302476672664,eng-league-two,level-s0.08-form-s0.10
2026-2027,-0.035570438996755,0.11608597511322323,eng-league-two,level-s0.08-form-s0.10
2011-2012,-0.00600048649458506,0.1260786801263155,eng-league-two,r0.85-s0.06
2012-2013,-0.024962579778146265,0.07228039187064772,eng-league-two,r0.85-s0.06
2013-2014,-0.026340026180088943,0.07476828667500302,eng-league-two,r0.85-s0.06
2014-2015,-0.025693517621883082,0.09308964316648395,eng-league-two,r0.85-s0.06
2015-2016,-0.03300454808315811,0.09309743214504149,eng-league-two,r0.85-s0.06
2016-2017,-0.03521961759145536,0.09998970418998077,eng-league-two,r0.85-s0.06
2017-2018,-0.03736119554824093,0.08983019849033792,eng-league-two,r0.85-s0.06
2018-2019,-0.03647206628617758,0.08430118405121143,eng-league-two,r0.85-s0.06
2019-2020,-0.03261694947728589,0.07122096652484751,eng-league-two,r0.85-s0.06
2020-2021,-0.03676594317654394,0.06281101948390351,eng-league-two,r0.85-s0.06
2021-2022,-0.026106729770399417,0.10437448245969373,eng-league-two,r0.85-s0.06
2022-2023,-0.025764893056178784,0.08333767421800076,eng-league-two,r0.85-s0.06
2023-2024,-0.027369503525159166,0.09207848427853563,eng-league-two,r0.85-s0.06
2024-2025,-0.0341500905162,0.07199009606127829,eng-league-two,r0.85-s0.06
2025-2026,-0.029068323752066805,0.09640197163361787,eng-league-two,r0.85-s0.06
2026-2027,-0.02565822733538479,0.08032707694281979,eng-league-two,r0.85-s0.06
2011-2012,-0.006337131397599893,0.1313697243128733,eng-league-two,r0.85-s0.09
2012-2013,-0.024052858258278145,0.07580624103106844,eng-league-two,r0.85-s0.09
2013-2014,-0.02884187462465179,0.08420730804262842,eng-league-two,r0.85-s0.09
2014-2015,-0.025626206649498048,0.10917548907115096,eng-league-two,r0.85-s0.09
2015-2016,-0.02800841687195747,0.11750112826624586,eng-league-two,r0.85-s0.09
2016-2017,-0.03404860544945059,0.11957310796536544,eng-league-two,r0.85-s0.09
2017-2018,-0.03138294522855297,0.10565712416453693,eng-league-two,r0.85-s0.09
2018-2019,-0.036987978454879514,0.09833715519973109,eng-league-two,r0.85-s0.09
2019-2020,-0.029268311209257002,0.08855708873026728,eng-league-two,r0.85-s0.09
2020-2021,-0.03754400253892918,0.08073097979667836,eng-league-two,r0.85-s0.09
2021-2022,-0.03008107661911687,0.1266324576377498,eng-league-two,r0.85-s0.09
2022-2023,-0.02092016207208068,0.09674677782104014,eng-league-two,r0.85-s0.09
2023-2024,-0.027406609650366193,0.10705142681256397,eng-league-two,r0.85-s0.09
2024-2025,-0.036610429341168794,0.08747366595802963,eng-league-two,r0.85-s0.09
2025-2026,-0.031049394181272335,0.11862642402318466,eng-league-two,r0.85-s0.09
2026-2027,-0.02634667040907852,0.09521258842900225,eng-league-two,r0.85-s0.09
2011-2012,-0.006531934256537375,0.13758647204433236,eng-league-two,r0.85-s0.12
2012-2013,-0.02290916769929342,0.07928938049659613,eng-league-two,r0.85-s0.12
2013-2014,-0.02981294948304543,0.09375473612834956,eng-league-two,r0.85-s0.12
2014-2015,-0.02506216024330579,0.12390895383810309,eng-league-two,r0.85-s0.12
2015-2016,-0.023091728660323718,0.13771875805169687,eng-league-two,r0.85-s0.12
2016-2017,-0.034022379816201535,0.13474108603014423,eng-league-two,r0.85-s0.12
2017-2018,-0.026160251507766994,0.11729958665484316,eng-league-two,r0.85-s0.12
2018-2019,-0.03657792140969282,0.10934370886486604,eng-league-two,r0.85-s0.12
2019-2020,-0.025296127513363412,0.1034331335258065,eng-league-two,r0.85-s0.12
2020-2021,-0.03716486229329792,0.09323113195287915,eng-league-two,r0.85-s0.12
2021-2022,-0.03384200316193735,0.14347442522060005,eng-league-two,r0.85-s0.12
2022-2023,-0.016323800044539944,0.10873793641078157,eng-league-two,r0.85-s0.12
2023-2024,-0.026526811045030657,0.11979868027746284,eng-league-two,r0.85-s0.12
2024-2025,-0.037998902526356945,0.10043801923261318,eng-league-two,r0.85-s0.12
2025-2026,-0.029704448831436765,0.1368292516209872,eng-league-two,r0.85-s0.12
2026-2027,-0.02332145544359156,0.10699367362397808,eng-league-two,r0.85-s0.12
2011-2012,-0.006384702785241601,0.13539948206014638,eng-league-two,r0.95-s0.06
2012-2013,-0.02720815657366578,0.08023686472742143,eng-league-two,r0.95-s0.06
2013-2014,-0.032909930223628724,0.08265992124734212,eng-league-two,r0.95-s0.06
2014-2015,-0.030657899523740564,0.10192585384783448,eng-league-two,r0.95-s0.06
2015-2016,-0.03413286729256723,0.10264544959462435,eng-league-two,r0.95-s0.06
2016-2017,-0.04050731447490353,0.11153697229039225,eng-league-two,r0.95-s0.06
2017-2018,-0.040840903729125674,0.10006680211926028,eng-league-two,r0.95-s0.06
2018-2019,-0.047307429273486766,0.0943287031345083,eng-league-two,r0.95-s0.06
2019-2020,-0.042494448863964224,0.07955201440020941,eng-league-two,r0.95-s0.06
2020-2021,-0.05027388859640742,0.07161559631809092,eng-league-two,r0.95-s0.06
2021-2022,-0.04046169075833491,0.11682268411075274,eng-league-two,r0.95-s0.06
2022-2023,-0.03553467198625052,0.09280572976893076,eng-league-two,r0.95-s0.06
2023-2024,-0.038009979168218765,0.10097196587600568,eng-league-two,r0.95-s0.06
2024-2025,-0.0460095257631081,0.07938360204640647,eng-league-two,r0.95-s0.06
2025-2026,-0.04090436565450889,0.1069812263216572,eng-league-two,r0.95-s0.06
2026-2027,-0.03551900923487194,0.0892795738291479,eng-league-two,r0.95-s0.06
2011-2012,-0.00659935521592709,0.1394886590709537,eng-league-two,r0.95-s0.09
2012-2013,-0.02624182959723505,0.08209158658631256,eng-league-two,r0.95-s0.09
2013-2014,-0.03480053445252364,0.09038892868244272,eng-league-two,r0.95-s0.09
2014-2015,-0.03003167956125756,0.1163877188278312,eng-league-two,r0.95-s0.09
2015-2016,-0.028812722503896816,0.12499833607590738,eng-league-two,r0.95-s0.09
2016-2017,-0.03905548014028007,0.12859883295430816,eng-league-two,r0.95-s0.09
2017-2018,-0.03466351221263226,0.11366432845321907,eng-league-two,r0.95-s0.09
2018-2019,-0.046420572479196426,0.10621025058410916,eng-league-two,r0.95-s0.09
2019-2020,-0.037337534921031874,0.09481714882885252,eng-league-two,r0.95-s0.09
2020-2021,-0.049890604774015745,0.08797318816928856,eng-league-two,r0.95-s0.09
2021-2022,-0.043489951840453595,0.13648771125493328,eng-league-two,r0.95-s0.09
2022-2023,-0.028388945505082173,0.10414466603117588,eng-league-two,r0.95-s0.09
2023-2024,-0.03586697315039023,0.1137840126952267,eng-league-two,r0.95-s0.09
2024-2025,-0.04608028469313217,0.09330802113712125,eng-league-two,r0.95-s0.09
2025-2026,-0.04019782228105725,0.12682953263243807,eng-league-two,r0.95-s0.09
2026-2027,-0.03341057352800302,0.10214601581500514,eng-league-two,r0.95-s0.09
2011-2012,-0.006669107309755135,0.14446899622196555,eng-league-two,r0.95-s0.12
2012-2013,-0.024995092024453783,0.0843107234656497,eng-league-two,r0.95-s0.12
2013-2014,-0.03520366213966909,0.09860515200113781,eng-league-two,r0.95-s0.12
2014-2015,-0.028982270674207892,0.1297603833728625,eng-league-two,r0.95-s0.12
2015-2016,-0.02360088001254634,0.1436296816420947,eng-league-two,r0.95-s0.12
2016-2017,-0.03873379562249739,0.14191871012227225,eng-league-two,r0.95-s0.12
2017-2018,-0.029040409103514176,0.1237775578346044,eng-league-two,r0.95-s0.12
2018-2019,-0.04474728085517507,0.11566479195612933,eng-league-two,r0.95-s0.12
2019-2020,-0.03185768949317642,0.10822078091447275,eng-league-two,r0.95-s0.12
2020-2021,-0.048173535505753484,0.09909743827426651,eng-league-two,r0.95-s0.12
2021-2022,-0.04615971743604547,0.15142979011796318,eng-league-two,r0.95-s0.12
2022-2023,-0.021951658129751916,0.11457597245386797,eng-league-two,r0.95-s0.12
2023-2024,-0.03324138763693069,0.12495666495956903,eng-league-two,r0.95-s0.12
2024-2025,-0.04575906212439813,0.10512370954055668,eng-league-two,r0.95-s0.12
2025-2026,-0.03690458739759809,0.14327655558813793,eng-league-two,r0.95-s0.12
2026-2027,-0.028266825975480563,0.11230665697254193,eng-league-two,r0.95-s0.12
2011-2012,-0.006604140066019815,0.1398475486507679,eng-league-two,r1.00-s0.06
2012-2013,-0.028130031005807608,0.08408947137309944,eng-league-two,r1.00-s0.06
2013-2014,-0.03623711984052884,0.0865515456725723,eng-league-two,r1.00-s0.06
2014-2015,-0.03236624748721694,0.10637121600554829,eng-league-two,r1.00-s0.06
2015-2016,-0.032955792745429556,0.1076325322861625,eng-league-two,r1.00-s0.06
2016-2017,-0.04186893687982043,0.11740280011238657,eng-league-two,r1.00-s0.06
2017-2018,-0.040726281933057246,0.10536124137639676,eng-league-two,r1.00-s0.06
2018-2019,-0.051958954826177815,0.09933142546611781,eng-league-two,r1.00-s0.06
2019-2020,-0.046702640622609766,0.08384824000715797,eng-league-two,r1.00-s0.06
2020-2021,-0.05716217310329363,0.07636353220905857,eng-league-two,r1.00-s0.06
2021-2022,-0.04851507646733568,0.12322983787578146,eng-league-two,r1.00-s0.06
2022-2023,-0.04014625768036541,0.09755300360246533,eng-league-two,r1.00-s0.06
2023-2024,-0.04351921380146634,0.10544428445501898,eng-league-two,r1.00-s0.06
2024-2025,-0.052079610854285564,0.08316359680894866,eng-league-two,r1.00-s0.06
2025-2026,-0.047197865327559346,0.11241243336806807,eng-league-two,r1.00-s0.06
2026-2027,-0.040614937474812096,0.09389291668268107,eng-league-two,r1.00-s0.06
2011-2012,-0.006751953641516535,0.14340061698799236,eng-league-two,r1.00-s0.09
2012-2013,-0.027132858025340646,0.08517832197474884,eng-league-two,r1.00-s0.09
2013-2014,-0.0377196927296004,0.09345800502190617,eng-league-two,r1.00-s0.09
2014-2015,-0.031557435544922845,0.11998676993921117,eng-league-two,r1.00-s0.09
2015-2016,-0.027868010682011172,0.12884076188950783,eng-league-two,r1.00-s0.09
2016-2017,-0.04066685165997289,0.13313085320991144,eng-league-two,r1.00-s0.09
2017-2018,-0.035075904939471075,0.11772062231043465,eng-league-two,r1.00-s0.09
2018-2019,-0.0506831929294001,0.11011608611978066,eng-league-two,r1.00-s0.09
2019-2020,-0.04091790772972672,0.09800242634208857,eng-league-two,r1.00-s0.09
2020-2021,-0.056267124564241246,0.09168957098895063,eng-league-two,r1.00-s0.09
2021-2022,-0.05097187518212801,0.14146814903243207,eng-league-two,r1.00-s0.09
2022-2023,-0.03192781500488669,0.10784448394735432,eng-league-two,r1.00-s0.09
2023-2024,-0.040193633375408155,0.11714304727645646,eng-league-two,r1.00-s0.09
2024-2025,-0.05082278407939101,0.09625004672336146,eng-league-two,r1.00-s0.09
2025-2026,-0.04484262440110554,0.13096957140540275,eng-league-two,r1.00-s0.09
2026-2027,-0.03682368693931324,0.10562938003684859,eng-league-two,r1.00-s0.09
2011-2012,-0.006750739078439799,0.14781925221586348,eng-league-two,r1.00-s0.12
2012-2013,-0.025838161084413776,0.08679474890446522,eng-league-two,r1.00-s0.12
2013-2014,-0.03778056302929659,0.10102481076597737,eng-league-two,r1.00-s0.12
2014-2015,-0.03037464812325362,0.1326774191574476,eng-league-two,r1.00-s0.12
2015-2016,-0.02282706131599312,0.1466345103598539,eng-league-two,r1.00-s0.12
2016-2017,-0.040473079078225976,0.14551090461621022,eng-league-two,r1.00-s0.12
2017-2018,-0.02966210505584799,0.1270240094479948,eng-league-two,r1.00-s0.12
2018-2019,-0.04856843278985281,0.1188020915902234,eng-league-two,r1.00-s0.12
2019-2020,-0.034869716974678375,0.11064919951077308,eng-league-two,r1.00-s0.12
2020-2021,-0.05389134671073629,0.1020391304846011,eng-league-two,r1.00-s0.12
2021-2022,-0.05293035502271979,0.15542204205131607,eng-league-two,r1.00-s0.12
2022-2023,-0.02458759233625586,0.11750037786941321,eng-league-two,r1.00-s0.12
2023-2024,-0.03662704145111625,0.12753327273655282,eng-league-two,r1.00-s0.12
2024-2025,-0.04958446216405213,0.10747349570576134,eng-league-two,r1.00-s0.12
2025-2026,-0.04046850019770574,0.14651586744696743,eng-league-two,r1.00-s0.12
2026-2027,-0.0305393911431673,0.11496542083827566,eng-league-two,r1.00-s0.12
