candidate,competition_id,season_id,log_loss,score_nll
ALL-FC,eng-championship,2015-2016,7.444743267637222e-06,0.0004627640064969185
C1-BMA,eng-championship,2015-2016,-0.0002582733886922206,0.0001347505994213627
C1-FC,eng-championship,2015-2016,7.444743267637222e-06,0.0004627640064969185
C2-BMA,eng-championship,2015-2016,-0.0003180967757050457,0.00018341892508688673
C2-FC,eng-championship,2015-2016,-0.0005363828629112444,-1.1533969762389518e-05
level-s0.04-form-s0.10,eng-championship,2015-2016,0.0008326791441890524,0.0012120929653365309
level-s0.04-form-s0.15,eng-championship,2015-2016,0.0032018376303939444,0.004917407634231097
level-s0.06-form-s0.07,eng-championship,2015-2016,-0.00034904234865140715,-7.001445479337676e-05
level-s0.06-form-s0.10,eng-championship,2015-2016,0.0005392860857198478,0.0011378594659285923
level-s0.06-form-s0.15,eng-championship,2015-2016,0.003233619479501515,0.005259464137791436
level-s0.08-form-s0.07,eng-championship,2015-2016,-0.0005363828629112444,-1.1533969762389518e-05
level-s0.08-form-s0.10,eng-championship,2015-2016,0.0005536418483778061,0.0014937666949945694
r0.85-s0.06,eng-championship,2015-2016,0.001747992010065147,0.0018439769574438714
r0.85-s0.12,eng-championship,2015-2016,7.444743267637222e-06,0.0004627640064969185
r0.95-s0.06,eng-championship,2015-2016,8.801183206674779e-06,0.0002221973952059031
r0.95-s0.09,eng-championship,2015-2016,-0.000997884973825025,-0.0007113286555071596
r0.95-s0.12,eng-championship,2015-2016,-0.0006218498277832385,0.00017992124689936162
r1.00-s0.06,eng-championship,2015-2016,-0.0007371639036739541,-0.0004086799553295606
r1.00-s0.09,eng-championship,2015-2016,-0.0013961129430468677,-0.0009217310272906509
r1.00-s0.12,eng-championship,2015-2016,-0.0008577676429579739,0.00015184839526849458
ALL-FC,eng-championship,2016-2017,-0.0013184760800051265,0.0007932098661931342
C1-BMA,eng-championship,2016-2017,-0.0008501967403136135,0.0006271157316044551
C1-FC,eng-championship,2016-2017,-0.0013184760800051265,0.0007932098661931342
C2-BMA,eng-championship,2016-2017,-0.0009433502084663647,0.00039576248745820664
C2-FC,eng-championship,2016-2017,-0.0010239182764983923,0.0005374791101795395
level-s0.04-form-s0.10,eng-championship,2016-2017,-0.0011873159618780438,-8.484390777452333e-05
level-s0.04-form-s0.15,eng-championship,2016-2017,-0.0013079060608347515,0.0038058057072567486
level-s0.06-form-s0.07,eng-championship,2016-2017,-0.00046767317809282005,-0.00014546644188095925
level-s0.06-form-s0.10,eng-championship,2016-2017,-0.0013959957172853255,0.0006545323487521237
level-s0.06-form-s0.15,eng-championship,2016-2017,-0.0011262190042782283,0.004694051328308468
level-s0.08-form-s0.07,eng-championship,2016-2017,-0.0010239182764983923,0.0005374791101795395
level-s0.08-form-s0.10,eng-championship,2016-2017,-0.0014966496802175655,0.0016429063186440551
r0.85-s0.06,eng-championship,2016-2017,0.002630481789906769,0.0006992718772220741
r0.85-s0.12,eng-championship,2016-2017,-0.0013184760800051265,0.0007932098661931342
r0.95-s0.06,eng-championship,2016-2017,0.0022025082895000825,0.000528092879182207
r0.95-s0.09,eng-championship,2016-2017,-9.987281265622094e-05,0.00032050196149580046
r0.95-s0.12,eng-championship,2016-2017,-0.001275019057262794,0.0013018798188810798
r1.00-s0.06,eng-championship,2016-2017,0.0021169621029841768,0.0006507679441982717
r1.00-s0.09,eng-championship,2016-2017,-6.383326810222023e-05,0.000613879898594849
r1.00-s0.12,eng-championship,2016-2017,-0.0011922443503005198,0.0016490381961000722
ALL-FC,eng-championship,2017-2018,-0.00235693415252336,-0.0017562337950680629
C1-BMA,eng-championship,2017-2018,-0.0017856983053792241,-0.0013430941247802863
C1-FC,eng-championship,2017-2018,-0.00235693415252336,-0.0017562337950680629
C2-BMA,eng-championship,2017-2018,-0.0020357585781176635,-0.0016057563880957915
C2-FC,eng-championship,2017-2018,-0.002269604989304952,-0.001852632828517109
level-s0.04-form-s0.10,eng-championship,2017-2018,-0.0016328463845958208,-0.0008562811893106925
level-s0.04-form-s0.15,eng-championship,2017-2018,-0.0033786135282432017,-0.00015007807287625852
level-s0.06-form-s0.07,eng-championship,2017-2018,-0.001014275092096062,-0.0009068062991439696
level-s0.06-form-s0.10,eng-championship,2017-2018,-0.002589632799786079,-0.0015916962655047051
level-s0.06-form-s0.15,eng-championship,2017-2018,-0.003690284930993659,-0.00010228281523438909
level-s0.08-form-s0.07,eng-championship,2017-2018,-0.002269604989304952,-0.001852632828517109
level-s0.08-form-s0.10,eng-championship,2017-2018,-0.003342390021811248,-0.0019282838844274508
r0.85-s0.06,eng-championship,2017-2018,0.0042258378507125105,0.004385272781816774
r0.85-s0.12,eng-championship,2017-2018,-0.00235693415252336,-0.0017562337950680629
r0.95-s0.06,eng-championship,2017-2018,0.002711868143850271,0.00243306156845291
r0.95-s0.09,eng-championship,2017-2018,-0.0007205478217480188,-0.0008756866774377592
r0.95-s0.12,eng-championship,2017-2018,-0.002620947315292943,-0.0020284139268391677
r1.00-s0.06,eng-championship,2017-2018,0.002028769655456175,0.0015820788920946072
r1.00-s0.09,eng-championship,2017-2018,-0.0010239011721000502,-0.001217314995506591
r1.00-s0.12,eng-championship,2017-2018,-0.0027121177331950186,-0.0020929220433920648
ALL-FC,eng-championship,2018-2019,-0.0006801573102905856,0.0008841359229303514
C1-BMA,eng-championship,2018-2019,-0.0006291416102595093,0.0006377176491216829
C1-FC,eng-championship,2018-2019,-0.0006801573102905856,0.0008841359229303514
C2-BMA,eng-championship,2018-2019,-0.00147834918412304,0.0007631247869146485
C2-FC,eng-championship,2018-2019,-0.0015143480794928,0.0008445474140232889
level-s0.04-form-s0.10,eng-championship,2018-2019,-0.0017666735986996418,0.0008290361293687987
level-s0.04-form-s0.15,eng-championship,2018-2019,-0.0016763740311964703,0.005189466554016864
level-s0.06-form-s0.07,eng-championship,2018-2019,-0.0013619051012907502,0.00019701006613637162
level-s0.06-form-s0.10,eng-championship,2018-2019,-0.0017987646984023442,0.001511852623613752
level-s0.06-form-s0.15,eng-championship,2018-2019,-0.0014975158327155125,0.006005370158753465
level-s0.08-form-s0.07,eng-championship,2018-2019,-0.0015143480794928,0.0008445474140232889
level-s0.08-form-s0.10,eng-championship,2018-2019,-0.0017172820165227698,0.0024152547106162103
r0.85-s0.06,eng-championship,2018-2019,0.0016558884811408436,0.0005642658611240137
r0.85-s0.12,eng-championship,2018-2019,-0.0006801573102905856,0.0008841359229303514
r0.95-s0.06,eng-championship,2018-2019,0.00035538280562064095,-4.980670094223427e-05
r0.95-s0.09,eng-championship,2018-2019,-0.0007353356288699597,-4.9895242050013167e-05
r0.95-s0.12,eng-championship,2018-2019,-0.0010552064136073458,0.001119547725363823
r1.00-s0.06,eng-championship,2018-2019,-0.00012733396422937027,-0.00011957750146818213
r1.00-s0.09,eng-championship,2018-2019,-0.0009928935149179363,8.119290909691657e-05
r1.00-s0.12,eng-championship,2018-2019,-0.0011683400030497726,0.0013473773225132213
ALL-FC,eng-championship,2019-2020,6.035147025884591e-05,-0.00014420605289355848
C1-BMA,eng-championship,2019-2020,-0.0002868134802829214,-0.0008844664046456785
C1-FC,eng-championship,2019-2020,6.035147025884591e-05,-0.00014420605289355848
C2-BMA,eng-championship,2019-2020,0.0007293666215859584,0.00018228262369524018
C2-FC,eng-championship,2019-2020,0.0005675494149237625,-6.29120277189088e-05
level-s0.04-form-s0.10,eng-championship,2019-2020,0.002037813226400953,0.0016792879872244981
level-s0.04-form-s0.15,eng-championship,2019-2020,0.0029975407273601373,0.0026042375633661408
level-s0.06-form-s0.07,eng-championship,2019-2020,0.001185787728214427,0.0010160976551651935
level-s0.06-form-s0.10,eng-championship,2019-2020,0.0014051517729731788,0.0007417193779524212
level-s0.06-form-s0.15,eng-championship,2019-2020,0.0027592007591374923,0.002387216848448226
level-s0.08-form-s0.07,eng-championship,2019-2020,0.0005675494149237625,-6.29120277189088e-05
level-s0.08-form-s0.10,eng-championship,2019-2020,0.001051489203233169,0.0001754365108275202
r0.85-s0.06,eng-championship,2019-2020,0.001606201813137087,0.003163850361624476
r0.85-s0.12,eng-championship,2019-2020,-0.0003016201915015948,-0.0011986835767086035
r0.95-s0.06,eng-championship,2019-2020,0.001469310451830852,0.00264645305283695
r0.95-s0.09,eng-championship,2019-2020,-1.2247512196639221e-05,-0.00016012280506849663
r0.95-s0.12,eng-championship,2019-2020,-0.0002718389461744408,-0.0011768134466265678
r1.00-s0.06,eng-championship,2019-2020,0.001499859646642454,0.0025047265298931976
r1.00-s0.09,eng-championship,2019-2020,6.035147025884591e-05,-0.00014420605289355848
r1.00-s0.12,eng-championship,2019-2020,-0.00019523954774958163,-0.0010885633351098711
ALL-FC,eng-championship,2020-2021,0.0009595201430336875,0.00020509633566634378
C1-BMA,eng-championship,2020-2021,0.0001831406890824283,0.00023272898188819724
C1-FC,eng-championship,2020-2021,0.0009595201430336875,0.00020509633566634378
C2-BMA,eng-championship,2020-2021,0.0005045630043825078,0.0005134534940514079
C2-FC,eng-championship,2020-2021,0.00047349267779028814,0.0004733527109070934
level-s0.04-form-s0.10,eng-championship,2020-2021,0.00030399869228814325,0.0009981651709476402
level-s0.04-form-s0.15,eng-championship,2020-2021,0.0004692316366736726,0.003472854233017131
level-s0.06-form-s0.07,eng-championship,2020-2021,0.0007376766171058868,0.0005847148239297439
level-s0.06-form-s0.10,eng-championship,2020-2021,0.0002569049151213143,0.0010100301614355267
level-s0.06-form-s0.15,eng-championship,2020-2021,0.0008015601390418681,0.003974832346116397
level-s0.08-form-s0.07,eng-championship,2020-2021,0.00047349267779028814,0.0004733527109070934
level-s0.08-form-s0.10,eng-championship,2020-2021,0.00036940927716888616,0.0013516139400984173
r0.85-s0.06,eng-championship,2020-2021,0.0013669715924131687,0.0017355254644875195
r0.85-s0.12,eng-championship,2020-2021,-5.6476525540638534e-05,0.00023538811029677476
r0.95-s0.06,eng-championship,2020-2021,0.0018779165279163568,0.0014130483276035832
r0.95-s0.09,eng-championship,2020-2021,0.0005627061139226175,2.878884052215369e-05
r0.95-s0.12,eng-championship,2020-2021,0.0005144990622278911,0.00044110895764415403
r1.00-s0.06,eng-championship,2020-2021,0.0023058246851455078,0.0014868624410406817
r1.00-s0.09,eng-championship,2020-2021,0.0009595201430336875,0.00020509633566634378
r1.00-s0.12,eng-championship,2020-2021,0.0008829572624007298,0.0006618071561028671
ALL-FC,eng-championship,2021-2022,-0.00049575828400239,-0.0008148205631473004
C1-BMA,eng-championship,2021-2022,-0.00018016979905000063,-0.00047806734500133174
C1-FC,eng-championship,2021-2022,-0.00049575828400239,-0.0008148205631473004
C2-BMA,eng-championship,2021-2022,-0.00104873097655922,-0.0023440017630913523
C2-FC,eng-championship,2021-2022,-0.0009772512347929752,-0.002252958137068717
level-s0.04-form-s0.10,eng-championship,2021-2022,-0.002300494175572876,-0.004112818698081444
level-s0.04-form-s0.15,eng-championship,2021-2022,-0.002974485284637396,-0.004686717180681033
level-s0.06-form-s0.07,eng-championship,2021-2022,-0.0009993531156688995,-0.0022438142834300123
level-s0.06-form-s0.10,eng-championship,2021-2022,-0.002254310389103953,-0.00404308442046597
level-s0.06-form-s0.15,eng-championship,2021-2022,-0.0027276926278512192,-0.004231870766552515
level-s0.08-form-s0.07,eng-championship,2021-2022,-0.0009772512347929752,-0.002252958137068717
level-s0.08-form-s0.10,eng-championship,2021-2022,-0.0020100380071612634,-0.0036642555088701734
r0.85-s0.06,eng-championship,2021-2022,0.000934738997419915,0.0016625781921755234
r0.85-s0.12,eng-championship,2021-2022,-0.00049575828400239,-0.0008148205631473004
r0.95-s0.06,eng-championship,2021-2022,0.0013885304209224625,0.0016567400090417017
r0.95-s0.09,eng-championship,2021-2022,0.0006557432842926314,0.0003896976574107036
r0.95-s0.12,eng-championship,2021-2022,0.00026907370646145345,-0.0001886111570086335
r1.00-s0.06,eng-championship,2021-2022,0.0017008692133060332,0.0017926109791654987
r1.00-s0.09,eng-championship,2021-2022,0.0010396645416042016,0.0006797835221186155
r1.00-s0.12,eng-championship,2021-2022,0.0006893294129355354,0.00019110161672131198
ALL-FC,eng-championship,2022-2023,0.0007745454258896167,0.0005292638779033076
C1-BMA,eng-championship,2022-2023,0.0006990006880247535,0.0005716624233942369
C1-FC,eng-championship,2022-2023,0.0008280601922070474,0.0007424100516049137
C2-BMA,eng-championship,2022-2023,0.0008248004067172854,0.0005008043783467642
C2-FC,eng-championship,2022-2023,0.0007745454258896167,0.0005292638779033076
level-s0.04-form-s0.10,eng-championship,2022-2023,0.0015183257915591941,0.0006362551640428649
level-s0.04-form-s0.15,eng-championship,2022-2023,0.004444324079438955,0.004469282598788649
level-s0.06-form-s0.07,eng-championship,2022-2023,0.0004823011887291617,3.190003888686732e-05
level-s0.06-form-s0.10,eng-championship,2022-2023,0.001670837986998075,0.0011683782104867646
level-s0.06-form-s0.15,eng-championship,2022-2023,0.004705381521952212,0.005213398995735474
level-s0.08-form-s0.07,eng-championship,2022-2023,0.0007745454258896167,0.0005292638779033076
level-s0.08-form-s0.10,eng-championship,2022-2023,0.002071307128457711,0.001938908510444648
r0.85-s0.06,eng-championship,2022-2023,0.00025286978016025863,0.0006491675997630786
r0.85-s0.12,eng-championship,2022-2023,0.0008280601922070474,0.0007424100516049137
r0.95-s0.06,eng-championship,2022-2023,-0.00019372907872905465,3.714398893661652e-05
r0.95-s0.09,eng-championship,2022-2023,-0.00017410565390285626,-0.00017391869758176526
r0.95-s0.12,eng-championship,2022-2023,0.000798592958953126,0.0007882940491539259
r1.00-s0.06,eng-championship,2022-2023,-0.00029334527617685957,-9.958119039232827e-05
r1.00-s0.09,eng-championship,2022-2023,-0.0001715689118035879,-0.00014025314287113844
r1.00-s0.12,eng-championship,2022-2023,0.0008498137894010771,0.0009015472585973683
ALL-FC,eng-championship,2023-2024,-0.000997539898590638,-0.000466664399561445
C1-BMA,eng-championship,2023-2024,0.0004301524898466802,0.00047539478802738344
C1-FC,eng-championship,2023-2024,0.00047873723408686786,0.0006365676977648782
C2-BMA,eng-championship,2023-2024,-0.0011719146496762534,-0.0005992419585010289
C2-FC,eng-championship,2023-2024,-0.000997539898590638,-0.000466664399561445
level-s0.04-form-s0.10,eng-championship,2023-2024,-0.0024785343022588613,-0.0011712999001392
level-s0.04-form-s0.15,eng-championship,2023-2024,-0.0026277992575001186,0.0005333530844580103
level-s0.06-form-s0.07,eng-championship,2023-2024,-0.001529651643008112,-0.0010080280944206876
level-s0.06-form-s0.10,eng-championship,2023-2024,-0.0020576297813836852,-0.0007328833980273508
level-s0.06-form-s0.15,eng-championship,2023-2024,-0.0023688205491618763,0.0009339366440834773
level-s0.08-form-s0.07,eng-championship,2023-2024,-0.000997539898590638,-0.000466664399561445
level-s0.08-form-s0.10,eng-championship,2023-2024,-0.0015736903408423153,-0.00013891066597970791
r0.85-s0.06,eng-championship,2023-2024,-0.000427895502452591,5.8999194714637326e-05
r0.85-s0.12,eng-championship,2023-2024,0.00047873723408686786,0.0006365676977648782
r0.95-s0.06,eng-championship,2023-2024,-0.0004283766155483981,-0.0003719846623675416
r0.95-s0.09,eng-championship,2023-2024,0.00020821728301712028,-3.860972654878836e-05
r0.95-s0.12,eng-championship,2023-2024,0.0007777125562580256,0.0007714292059830541
r1.00-s0.06,eng-championship,2023-2024,-0.00033529493960471335,-0.00044879901323913174
r1.00-s0.09,eng-championship,2023-2024,0.0003652444079573769,2.2503589219180498e-05
r1.00-s0.12,eng-championship,2023-2024,0.0009600981223130134,0.0008901636220000064
ALL-FC,eng-championship,2024-2025,-0.0002589748758479171,-0.0006031997434856606
C1-BMA,eng-championship,2024-2025,0.0003777859218236923,9.986332942224507e-05
C1-FC,eng-championship,2024-2025,0.0008869497036445573,0.0008690622041651608
C2-BMA,eng-championship,2024-2025,-0.00042418719349468503,-0.0007609847002547632
C2-FC,eng-championship,2024-2025,-0.0002589748758479171,-0.0006031997434856606
level-s0.04-form-s0.10,eng-championship,2024-2025,-0.000656465508318993,-0.0004899519470953351
level-s0.04-form-s0.15,eng-championship,2024-2025,0.0007088499152350103,0.0021882028749620197
level-s0.06-form-s0.07,eng-championship,2024-2025,-0.0008470997049492279,-0.0011712942172628082
level-s0.06-form-s0.10,eng-championship,2024-2025,-0.00029463213328950744,-0.00013840504948392507
level-s0.06-form-s0.15,eng-championship,2024-2025,0.0009337632723847022,0.00251104120339507
level-s0.08-form-s0.07,eng-championship,2024-2025,-0.0002589748758479171,-0.0006031997434856606
level-s0.08-form-s0.10,eng-championship,2024-2025,0.00018934914716273177,0.00041036080886014403
r0.85-s0.06,eng-championship,2024-2025,-0.0006882324030736964,-3.830245314784264e-05
r0.85-s0.12,eng-championship,2024-2025,0.0008869497036445573,0.0008690622041651608
r0.95-s0.06,eng-championship,2024-2025,-0.0011860004123338541,-0.0014184995266695033
r0.95-s0.09,eng-championship,2024-2025,-0.0002327298347144513,-0.0008070886192572679
r0.95-s0.12,eng-championship,2024-2025,0.0007768945057455845,0.0003377387707503843
r1.00-s0.06,eng-championship,2024-2025,-0.0013294714101848015,-0.0019585958247985147
r1.00-s0.09,eng-championship,2024-2025,-0.0002875806607411935,-0.001123719448324234
r1.00-s0.12,eng-championship,2024-2025,0.0007618298850182725,0.00012929009613449338
ALL-FC,eng-championship,2025-2026,-0.0013215360286220612,-0.0013887742098726008
C1-BMA,eng-championship,2025-2026,-0.0007926024047739677,-0.0005433895118507337
C1-FC,eng-championship,2025-2026,-0.0017756496663379195,-0.001398574080206938
C2-BMA,eng-championship,2025-2026,-0.0010359918437823357,-0.0011756081323293088
C2-FC,eng-championship,2025-2026,-0.0013215360286220612,-0.0013887742098726008
level-s0.04-form-s0.10,eng-championship,2025-2026,-0.0008671344920514468,-0.0011045412580918956
level-s0.04-form-s0.15,eng-championship,2025-2026,-0.0017311051932156207,-0.0013407912351186546
level-s0.06-form-s0.07,eng-championship,2025-2026,-0.0005080266050352389,-0.000805683027464088
level-s0.06-form-s0.10,eng-championship,2025-2026,-0.0015327109749527779,-0.0016420243816157587
level-s0.06-form-s0.15,eng-championship,2025-2026,-0.002074846635078398,-0.0015487817058259523
level-s0.08-form-s0.07,eng-championship,2025-2026,-0.0013215360286220612,-0.0013887742098726008
level-s0.08-form-s0.10,eng-championship,2025-2026,-0.0020623213934931606,-0.0019594146312242877
r0.85-s0.06,eng-championship,2025-2026,0.002647047041692163,0.002441184972723054
r0.85-s0.12,eng-championship,2025-2026,-0.0017756496663379195,-0.001398574080206938
r0.95-s0.06,eng-championship,2025-2026,0.002135388326824028,0.0018088464946139915
r0.95-s0.09,eng-championship,2025-2026,-0.0001772766150633931,-0.00016615535118358338
r0.95-s0.12,eng-championship,2025-2026,-0.001781676521957376,-0.0013336156826575518
r1.00-s0.06,eng-championship,2025-2026,0.0019269451068886223,0.0015588864838194105
r1.00-s0.09,eng-championship,2025-2026,-0.0002416937476765746,-0.00021581121538849501
r1.00-s0.12,eng-championship,2025-2026,-0.0017717017000351554,-0.001283624540256767
ALL-FC,eng-league-one,2015-2016,-0.00048546925338976976,0.0001461366757897764
C1-BMA,eng-league-one,2015-2016,-0.0003946928799085647,0.00016226543706387986
C1-FC,eng-league-one,2015-2016,-0.00048546925338976976,0.0001461366757897764
C2-BMA,eng-league-one,2015-2016,-0.0003417397926352983,0.0008088531160082013
C2-FC,eng-league-one,2015-2016,-0.00029777079705239906,0.0003672646109760258
level-s0.04-form-s0.10,eng-league-one,2015-2016,-0.00019569918671402675,0.0009730593535359766
level-s0.04-form-s0.15,eng-league-one,2015-2016,-0.0005731744454435805,0.003332206077229838
level-s0.06-form-s0.07,eng-league-one,2015-2016,5.488343644133309e-05,0.00040297490991880736
level-s0.06-form-s0.10,eng-league-one,2015-2016,-0.00046847981042064113,0.0009420263645667504
level-s0.06-form-s0.15,eng-league-one,2015-2016,-0.0005321692644457698,0.0036737776466457817
level-s0.08-form-s0.07,eng-league-one,2015-2016,-0.00029777079705239906,0.0003672646109760258
level-s0.08-form-s0.10,eng-league-one,2015-2016,-0.000584936279429682,0.0012059390015632943
r0.85-s0.06,eng-league-one,2015-2016,0.0013854046060666203,0.0012710702127627371
r0.85-s0.12,eng-league-one,2015-2016,-0.00048546925338976976,0.0001461366757897764
r0.95-s0.06,eng-league-one,2015-2016,0.001150165765522404,0.0007629541999256695
r0.95-s0.09,eng-league-one,2015-2016,4.7800948231424556e-05,-6.842419094965635e-05
r0.95-s0.12,eng-league-one,2015-2016,-0.0002731768293460224,0.0003089755044727305
r1.00-s0.06,eng-league-one,2015-2016,0.0011576198043412589,0.0006799260857404121
r1.00-s0.09,eng-league-one,2015-2016,0.00015125391122339238,7.78222564568054e-06
r1.00-s0.12,eng-league-one,2015-2016,-0.00011545265002088634,0.0004634666661051945
ALL-FC,eng-league-one,2016-2017,-0.0022095187046657916,-0.001468646842822885
C1-BMA,eng-league-one,2016-2017,-0.0021572462296164385,-0.001399439231563715
C1-FC,eng-league-one,2016-2017,-0.0022095187046657916,-0.001468646842822885
C2-BMA,eng-league-one,2016-2017,-0.0012838688143081978,-0.0007576868637650946
C2-FC,eng-league-one,2016-2017,-0.001526932108875334,-0.0010460670241365655
level-s0.04-form-s0.10,eng-league-one,2016-2017,-0.0006326397832192576,-0.0005425626693393859
level-s0.04-form-s0.15,eng-league-one,2016-2017,-0.0007477239045032835,0.0015787560990236926
level-s0.06-form-s0.07,eng-league-one,2016-2017,-0.0003933608916653064,-0.0004912588027110587
level-s0.06-form-s0.10,eng-league-one,2016-2017,-0.0013061034902182023,-0.0007062608480978838
level-s0.06-form-s0.15,eng-league-one,2016-2017,-0.0008195434518940559,0.001983374406805627
level-s0.08-form-s0.07,eng-league-one,2016-2017,-0.001526932108875334,-0.0010460670241365655
level-s0.08-form-s0.10,eng-league-one,2016-2017,-0.0018526566245615772,-0.0006463128733713575
r0.85-s0.06,eng-league-one,2016-2017,0.004257664675110018,0.0038168116731789326
r0.85-s0.12,eng-league-one,2016-2017,-0.0022095187046657916,-0.001468646842822885
r0.95-s0.06,eng-league-one,2016-2017,0.0028314256993444697,0.0023617790449872444
r0.95-s0.09,eng-league-one,2016-2017,-0.0007216643950886947,-0.0005444173909041616
r0.95-s0.12,eng-league-one,2016-2017,-0.002560355590883745,-0.0015443167406155034
r1.00-s0.06,eng-league-one,2016-2017,0.0021752514528250444,0.0017304094207997167
r1.00-s0.09,eng-league-one,2016-2017,-0.0010353521393100529,-0.0007457544742082156
r1.00-s0.12,eng-league-one,2016-2017,-0.0026957688966022797,-0.0015251184263309625
ALL-FC,eng-league-one,2017-2018,0.0003060689287719409,0.0017885249436777606
C1-BMA,eng-league-one,2017-2018,0.0003455462333179504,0.0017664779217860804
C1-FC,eng-league-one,2017-2018,0.0003060689287719409,0.0017885249436777606
C2-BMA,eng-league-one,2017-2018,-0.00028368877065410025,0.0009389911057708922
C2-FC,eng-league-one,2017-2018,-3.371794677908824e-05,0.0009715295801671076
level-s0.04-form-s0.10,eng-league-one,2017-2018,-0.0006683317937932198,0.00017309439418911055
level-s0.04-form-s0.15,eng-league-one,2017-2018,0.00021303120036697543,0.004326643799514862
level-s0.06-form-s0.07,eng-league-one,2017-2018,-0.00029336867590967763,-0.00016417845257832298
level-s0.06-form-s0.10,eng-league-one,2017-2018,-0.00036249141399302687,0.0011581981118657936
level-s0.06-form-s0.15,eng-league-one,2017-2018,0.0005738102917940413,0.005238287732229896
level-s0.08-form-s0.07,eng-league-one,2017-2018,-3.371794677908824e-05,0.0009715295801671076
level-s0.08-form-s0.10,eng-league-one,2017-2018,2.248428681927983e-05,0.002342076806848059
r0.85-s0.06,eng-league-one,2017-2018,0.00017071513838406993,-0.001223320744207168
r0.85-s0.12,eng-league-one,2017-2018,0.0003060689287719409,0.0017885249436777606
r0.95-s0.06,eng-league-one,2017-2018,0.00030922629499041676,-0.0010517804238290296
r0.95-s0.09,eng-league-one,2017-2018,0.0002549375091192019,0.0003603409466053087
r0.95-s0.12,eng-league-one,2017-2018,0.0006042910791819178,0.0022185171608217757
r1.00-s0.06,eng-league-one,2017-2018,0.0004718545848219069,-0.000825024614890868
r1.00-s0.09,eng-league-one,2017-2018,0.00044661027500025874,0.0006344598036949201
r1.00-s0.12,eng-league-one,2017-2018,0.000802122760649393,0.0025041438647144254
ALL-FC,eng-league-one,2018-2019,-0.0016043898296875803,-0.0015057147134709403
C1-BMA,eng-league-one,2018-2019,-0.0015840837348404246,-0.0014739911917587278
C1-FC,eng-league-one,2018-2019,-0.0016043898296875803,-0.0015057147134709403
C2-BMA,eng-league-one,2018-2019,-0.002622702867694393,-0.0020281814210005855
C2-FC,eng-league-one,2018-2019,-0.002333722554726192,-0.0018735410433654565
level-s0.04-form-s0.10,eng-league-one,2018-2019,-0.002927156290011723,-0.0023071658127742367
level-s0.04-form-s0.15,eng-league-one,2018-2019,-0.0035228283185988474,-0.001099471032232735
level-s0.06-form-s0.07,eng-league-one,2018-2019,-0.0019050102589610596,-0.001518524077987582
level-s0.06-form-s0.10,eng-league-one,2018-2019,-0.0029754565644677378,-0.00218711384808401
level-s0.06-form-s0.15,eng-league-one,2018-2019,-0.003322824063502372,-0.0005610574854491013
level-s0.08-form-s0.07,eng-league-one,2018-2019,-0.002333722554726192,-0.0018735410433654565
level-s0.08-form-s0.10,eng-league-one,2018-2019,-0.0030564678943862944,-0.001997032878957583
r0.85-s0.06,eng-league-one,2018-2019,0.002384809868240634,0.0030069041477545078
r0.85-s0.12,eng-league-one,2018-2019,-0.0016043898296875803,-0.0015057147134709403
r0.95-s0.06,eng-league-one,2018-2019,0.0011505797572040066,0.0017631738406804764
r0.95-s0.09,eng-league-one,2018-2019,-0.000796580906575084,-0.00066039660240369
r0.95-s0.12,eng-league-one,2018-2019,-0.0020904804612442707,-0.0017802624531593203
r1.00-s0.06,eng-league-one,2018-2019,0.0005098895983202123,0.0011292138245950767
r1.00-s0.09,eng-league-one,2018-2019,-0.001200868467959637,-0.0009820083500859944
r1.00-s0.12,eng-league-one,2018-2019,-0.0023290459283900056,-0.001897863597755567
ALL-FC,eng-league-one,2019-2020,-0.000633702095335309,-0.0003897114175037686
C1-BMA,eng-league-one,2019-2020,-0.002136552600427999,-0.001170803831791467
C1-FC,eng-league-one,2019-2020,-0.000633702095335309,-0.0003897114175037686
C2-BMA,eng-league-one,2019-2020,-0.00025702250554870965,-0.0015678969372534546
C2-FC,eng-league-one,2019-2020,-0.0009170526630357667,-0.0015799733275709826
level-s0.04-form-s0.10,eng-league-one,2019-2020,0.0007859791945261652,-0.00128536828516701
level-s0.04-form-s0.15,eng-league-one,2019-2020,0.00032726520097670075,-0.001623673480299015
level-s0.06-form-s0.07,eng-league-one,2019-2020,0.0005119786968206252,-0.0007499532585559798
level-s0.06-form-s0.10,eng-league-one,2019-2020,-0.00034945907863503933,-0.0019391194343882923
level-s0.06-form-s0.15,eng-league-one,2019-2020,-7.156195048740877e-05,-0.001487478543600762
level-s0.08-form-s0.07,eng-league-one,2019-2020,-0.0009170526630357667,-0.0015799733275709826
level-s0.08-form-s0.10,eng-league-one,2019-2020,-0.0012182341872344349,-0.0021386205905753464
r0.85-s0.06,eng-league-one,2019-2020,0.004337190801483315,0.00405810605848167
r0.85-s0.12,eng-league-one,2019-2020,-0.002187973858658321,-0.0012565572405716097
r0.95-s0.06,eng-league-one,2019-2020,0.0032182537274803025,0.0027587192339981748
r0.95-s0.09,eng-league-one,2019-2020,-0.0004927981157956118,-0.0003736997270404885
r0.95-s0.12,eng-league-one,2019-2020,-0.002359144657960277,-0.001165340186946917
r1.00-s0.06,eng-league-one,2019-2020,0.00279031681202091,0.0023300235645260514
r1.00-s0.09,eng-league-one,2019-2020,-0.000633702095335309,-0.0003897114175037686
r1.00-s0.12,eng-league-one,2019-2020,-0.0023637533174654113,-0.0009905615980128069
ALL-FC,eng-league-one,2020-2021,0.003389152696958053,0.004914575724755732
C1-BMA,eng-league-one,2020-2021,0.0002515207278581677,0.0011007538759506552
C1-FC,eng-league-one,2020-2021,0.003389152696958053,0.004914575724755732
C2-BMA,eng-league-one,2020-2021,0.0020636714812058976,0.0029726614312735045
C2-FC,eng-league-one,2020-2021,0.002237270599709573,0.0034890449447058103
level-s0.04-form-s0.10,eng-league-one,2020-2021,0.0025341717854259205,0.0028445475401501774
level-s0.04-form-s0.15,eng-league-one,2020-2021,0.0010748365058463882,0.002462646133924551
level-s0.06-form-s0.07,eng-league-one,2020-2021,0.002963041741320893,0.0036392734330386034
level-s0.06-form-s0.10,eng-league-one,2020-2021,0.0016968449867900137,0.0025234924535952885
level-s0.06-form-s0.15,eng-league-one,2020-2021,0.0010878992251805997,0.00311510119833569
level-s0.08-form-s0.07,eng-league-one,2020-2021,0.002237270599709573,0.0034890449447058103
level-s0.08-form-s0.10,eng-league-one,2020-2021,0.0015294798316369818,0.0030687446294130893
r0.85-s0.06,eng-league-one,2020-2021,0.0023823038848487244,0.002549022114493038
r0.85-s0.12,eng-league-one,2020-2021,5.395314804634843e-05,0.0008042889987547319
r0.95-s0.06,eng-league-one,2020-2021,0.004160682044747066,0.004649313895528806
r0.95-s0.09,eng-league-one,2020-2021,0.0019508515509414348,0.0027803842707880833
r0.95-s0.12,eng-league-one,2020-2021,0.0019737914637101284,0.0037665834165054868
r1.00-s0.06,eng-league-one,2020-2021,0.005706386000631225,0.006742538778619966
r1.00-s0.09,eng-league-one,2020-2021,0.003389152696958053,0.004914575724755732
r1.00-s0.12,eng-league-one,2020-2021,0.0032651467629656317,0.005788262208969552
ALL-FC,eng-league-one,2021-2022,-0.0026313364538383954,-0.0028011882719733983
C1-BMA,eng-league-one,2021-2022,-0.0026004864352693335,-0.0027424640087447827
C1-FC,eng-league-one,2021-2022,-0.0026313364538383954,-0.0028011882719733983
C2-BMA,eng-league-one,2021-2022,-0.005555306287142736,-0.005186150202806328
C2-FC,eng-league-one,2021-2022,-0.0039014629640043985,-0.003648599894830795
level-s0.04-form-s0.10,eng-league-one,2021-2022,-0.006267484450084737,-0.005940014625567702
level-s0.04-form-s0.15,eng-league-one,2021-2022,-0.0072642881550200045,-0.006063077773913239
level-s0.06-form-s0.07,eng-league-one,2021-2022,-0.003853049711745049,-0.003511033368619465
level-s0.06-form-s0.10,eng-league-one,2021-2022,-0.005775347004845388,-0.005453245401216833
level-s0.06-form-s0.15,eng-league-one,2021-2022,-0.006774194214109963,-0.0053243755809395665
level-s0.08-form-s0.07,eng-league-one,2021-2022,-0.0039014629640043985,-0.003648599894830795
level-s0.08-form-s0.10,eng-league-one,2021-2022,-0.005510521915761846,-0.0050617661874072795
r0.85-s0.06,eng-league-one,2021-2022,0.0030486905846214274,0.0039011402396607053
r0.85-s0.12,eng-league-one,2021-2022,-0.0026313364538383954,-0.0028011882719733983
r0.95-s0.06,eng-league-one,2021-2022,0.0009915536335902697,0.0018910261187206068
r0.95-s0.09,eng-league-one,2021-2022,-0.0008627163923660142,-0.0006371619164831088
r0.95-s0.12,eng-league-one,2021-2022,-0.0029107666039991376,-0.002765235836290625
r1.00-s0.06,eng-league-one,2021-2022,0.00018540855733362172,0.0012363068059202398
r1.00-s0.09,eng-league-one,2021-2022,-0.001197577935400318,-0.0007902785884521535
r1.00-s0.12,eng-league-one,2021-2022,-0.0029968879242450175,-0.002651531257979123
ALL-FC,eng-league-one,2022-2023,-0.0023657374373529105,-0.0038840052929285385
C1-BMA,eng-league-one,2022-2023,-0.0030011911173857264,-0.003380925767876519
C1-FC,eng-league-one,2022-2023,-0.0029945743327020047,-0.0033416568781508005
C2-BMA,eng-league-one,2022-2023,-0.002758184138512698,-0.004149942115060146
C2-FC,eng-league-one,2022-2023,-0.0023657374373529105,-0.0038840052929285385
level-s0.04-form-s0.10,eng-league-one,2022-2023,-0.0023640452486934915,-0.003687219450913215
level-s0.04-form-s0.15,eng-league-one,2022-2023,-0.003962989160698482,-0.004398215316642418
level-s0.06-form-s0.07,eng-league-one,2022-2023,-0.0011874085388572375,-0.0026041441769733
level-s0.06-form-s0.10,eng-league-one,2022-2023,-0.002941379174963954,-0.004338862095323748
level-s0.06-form-s0.15,eng-league-one,2022-2023,-0.0039715743483987875,-0.004226833856352918
level-s0.08-form-s0.07,eng-league-one,2022-2023,-0.0023657374373529105,-0.0038840052929285385
level-s0.08-form-s0.10,eng-league-one,2022-2023,-0.0035085658923155183,-0.004798860845838249
r0.85-s0.06,eng-league-one,2022-2023,0.004404884316666635,0.006007822102660931
r0.85-s0.12,eng-league-one,2022-2023,-0.0029945743327020047,-0.0033416568781508005
r0.95-s0.06,eng-league-one,2022-2023,0.002932308315648724,0.0028710787929995263
r0.95-s0.09,eng-league-one,2022-2023,-0.0007925465324749581,-0.0017796393268878496
r0.95-s0.12,eng-league-one,2022-2023,-0.003367354146129875,-0.004298616951171841
r1.00-s0.06,eng-league-one,2022-2023,0.002446870467079476,0.001644848412909905
r1.00-s0.09,eng-league-one,2022-2023,-0.0010293633913169842,-0.0024445461371866983
r1.00-s0.12,eng-league-one,2022-2023,-0.003444957546412608,-0.004620602355806636
ALL-FC,eng-league-one,2023-2024,-0.0019337632582447917,-0.0018296944929780956
C1-BMA,eng-league-one,2023-2024,-0.0006062817877872106,-0.0004144018460285892
C1-FC,eng-league-one,2023-2024,-0.0004774384447610025,-0.0003092404717688346
C2-BMA,eng-league-one,2023-2024,-0.0007555379873718238,-0.0005599145805037509
C2-FC,eng-league-one,2023-2024,-0.0019337632582447917,-0.0018296944929780956
level-s0.04-form-s0.10,eng-league-one,2023-2024,-3.896306680317707e-05,3.9166459449901936e-05
level-s0.04-form-s0.15,eng-league-one,2023-2024,0.0019006227479521076,0.002891701401810387
level-s0.06-form-s0.07,eng-league-one,2023-2024,-0.0015713381393283044,-0.001632882273148617
level-s0.06-form-s0.10,eng-league-one,2023-2024,-0.0007272128136917022,-0.0005419226916680842
level-s0.06-form-s0.15,eng-league-one,2023-2024,0.0015399855394517825,0.00273022764276476
level-s0.08-form-s0.07,eng-league-one,2023-2024,-0.0019337632582447917,-0.0018296944929780956
level-s0.08-form-s0.10,eng-league-one,2023-2024,-0.0009642295904350728,-0.0005611684900936886
r0.85-s0.06,eng-league-one,2023-2024,0.002299038595684255,0.002658828063866636
r0.85-s0.12,eng-league-one,2023-2024,-0.0004774384447610025,-0.0003092404717688346
r0.95-s0.06,eng-league-one,2023-2024,-0.0008458479643234096,-0.000864212413383747
r0.95-s0.09,eng-league-one,2023-2024,-0.001980988880300405,-0.0019790049966403878
r0.95-s0.12,eng-league-one,2023-2024,-0.0017952011745141494,-0.0014395360028087723
r1.00-s0.06,eng-league-one,2023-2024,-0.00218726128845792,-0.0022922549482395915
r1.00-s0.09,eng-league-one,2023-2024,-0.0028141636966556582,-0.002741630262773409
r1.00-s0.12,eng-league-one,2023-2024,-0.002346287977619488,-0.0018482743020937775
ALL-FC,eng-league-one,2024-2025,-0.0020486774942665154,0.0001050994637616931
C1-BMA,eng-league-one,2024-2025,-0.0020462662003051246,-0.00040839580042639767
C1-FC,eng-league-one,2024-2025,-0.002073282087192707,-0.0005123687411012767
C2-BMA,eng-league-one,2024-2025,-0.003094757455836872,-0.0008516574066850247
C2-FC,eng-league-one,2024-2025,-0.0020486774942665154,0.0001050994637616931
level-s0.04-form-s0.10,eng-league-one,2024-2025,-0.0028705190478819365,-0.0014054371216083439
level-s0.04-form-s0.15,eng-league-one,2024-2025,-0.004954881724082538,-0.000371886753069095
level-s0.06-form-s0.07,eng-league-one,2024-2025,-0.0012195679403210757,-3.000887910697969e-05
level-s0.06-form-s0.10,eng-league-one,2024-2025,-0.0033172633010556396,-0.0009736311494790151
level-s0.06-form-s0.15,eng-league-one,2024-2025,-0.005051836561648093,0.00030539999235035253
level-s0.08-form-s0.07,eng-league-one,2024-2025,-0.0020486774942665154,0.0001050994637616931
level-s0.08-form-s0.10,eng-league-one,2024-2025,-0.0037165923450452887,-0.00040321751298177944
r0.85-s0.06,eng-league-one,2024-2025,0.0032610312024494714,0.0018479492994063484
r0.85-s0.12,eng-league-one,2024-2025,-0.002073282087192707,-0.0005123687411012767
r0.95-s0.06,eng-league-one,2024-2025,0.002794383380474885,0.002469689720917323
r0.95-s0.09,eng-league-one,2024-2025,5.344513134164508e-05,0.0010909862664369996
r0.95-s0.12,eng-league-one,2024-2025,-0.001858767845401399,0.0006408116090717009
r1.00-s0.06,eng-league-one,2024-2025,0.0027260743517660835,0.0030533303907924747
r1.00-s0.09,eng-league-one,2024-2025,0.00020146451662683695,0.0018232079168565285
r1.00-s0.12,eng-league-one,2024-2025,-0.0016577545755609435,0.0013554456504021317
ALL-FC,eng-league-one,2025-2026,-0.0005082379205569865,0.0005333233035371698
C1-BMA,eng-league-one,2025-2026,-0.00023010468220152624,0.0010583372152672688
C1-FC,eng-league-one,2025-2026,-0.00021145304155956168,0.0010645988698181341
C2-BMA,eng-league-one,2025-2026,0.00015139478457437683,0.0014874814829357597
C2-FC,eng-league-one,2025-2026,-0.0005082379205569865,0.0005333233035371698
level-s0.04-form-s0.10,eng-league-one,2025-2026,0.0007418106098908694,0.0016164386469066372
level-s0.04-form-s0.15,eng-league-one,2025-2026,0.00116136193478944,0.005126440549894529
level-s0.06-form-s0.07,eng-league-one,2025-2026,1.1140498297868007e-05,0.00029749169067949666
level-s0.06-form-s0.10,eng-league-one,2025-2026,3.5634370728399034e-05,0.0015256213815626474
level-s0.06-form-s0.15,eng-league-one,2025-2026,0.0008236227462674606,0.00536170814798087
level-s0.08-form-s0.07,eng-league-one,2025-2026,-0.0005082379205569865,0.0005333233035371698
level-s0.08-form-s0.10,eng-league-one,2025-2026,-0.0002851569991715319,0.0019581586319006306
r0.85-s0.06,eng-league-one,2025-2026,0.001590018349461042,0.0006329397583835217
r0.85-s0.12,eng-league-one,2025-2026,-0.00021145304155956168,0.0010645988698181341
r0.95-s0.06,eng-league-one,2025-2026,0.0007231556048068466,-0.00012712329312059012
r0.95-s0.09,eng-league-one,2025-2026,-0.0005212898879749517,-0.0002916415989941967
r0.95-s0.12,eng-league-one,2025-2026,-0.0005347039936873799,0.0010136507577893639
r1.00-s0.06,eng-league-one,2025-2026,0.00041037280650924046,-0.0002982418611852111
r1.00-s0.09,eng-league-one,2025-2026,-0.0007008178221661332,-0.0003057686563119333
r1.00-s0.12,eng-league-one,2025-2026,-0.0006422184166388067,0.0010732889535005619
ALL-FC,eng-league-two,2015-2016,-0.003658111750241222,-0.0035662477891609257
C1-BMA,eng-league-two,2015-2016,0.0016454822311910977,0.0014024767350058198
C1-FC,eng-league-two,2015-2016,-0.003658111750241222,-0.0035662477891609257
C2-BMA,eng-league-two,2015-2016,-0.0016115567799670494,-0.00144495923775656
C2-FC,eng-league-two,2015-2016,-0.0027073265481090125,-0.0024507098076700373
level-s0.04-form-s0.10,eng-league-two,2015-2016,-0.002323084229841399,-0.0017546438263802422
level-s0.04-form-s0.15,eng-league-two,2015-2016,-0.005831392393873536,-0.0030929609305587746
level-s0.06-form-s0.07,eng-league-two,2015-2016,-0.0008135116170528978,-0.0006734748388081968
level-s0.06-form-s0.10,eng-league-two,2015-2016,-0.0035377912538576695,-0.0028157285889189865
level-s0.06-form-s0.15,eng-league-two,2015-2016,-0.006240449783117663,-0.0031889382824670243
level-s0.08-form-s0.07,eng-league-two,2015-2016,-0.0027073265481090125,-0.0024507098076700373
level-s0.08-form-s0.10,eng-league-two,2015-2016,-0.004689026509825833,-0.003679947026552277
r0.85-s0.06,eng-league-two,2015-2016,0.0056372734961938065,0.006288200151270296
r0.85-s0.12,eng-league-two,2015-2016,-0.003658111750241222,-0.0035662477891609257
r0.95-s0.06,eng-league-two,2015-2016,0.004538600738537513,0.00484599855013057
r0.95-s0.09,eng-league-two,2015-2016,-0.0004937167309815305,-0.0005751543579881613
r0.95-s0.12,eng-league-two,2015-2016,-0.003811458918050903,-0.003671178853525081
r1.00-s0.06,eng-league-two,2015-2016,0.003987329199668377,0.00411942175919755
r1.00-s0.09,eng-league-two,2015-2016,-0.0007311050248490769,-0.0008514122365657073
r1.00-s0.12,eng-league-two,2015-2016,-0.0038761535045239714,-0.0037062974723585107
ALL-FC,eng-league-two,2016-2017,0.0007809888224836747,0.0009930759081862028
C1-BMA,eng-league-two,2016-2017,8.008093435107888e-05,0.00011870710671324503
C1-FC,eng-league-two,2016-2017,0.0007809888224836747,0.0009930759081862028
C2-BMA,eng-league-two,2016-2017,0.0004905809230990599,0.0004356908549212335
C2-FC,eng-league-two,2016-2017,0.0004365109338912987,0.0004643718225816329
level-s0.04-form-s0.10,eng-league-two,2016-2017,0.001475381722263247,0.001542627977376032
level-s0.04-form-s0.15,eng-league-two,2016-2017,0.003974095117661669,0.005679631307823119
level-s0.06-form-s0.07,eng-league-two,2016-2017,0.0002962922337950147,6.959292176755838e-05
level-s0.06-form-s0.10,eng-league-two,2016-2017,0.0013887357717763393,0.0016866565911040077
level-s0.06-form-s0.15,eng-league-two,2016-2017,0.004108737467497958,0.0061085180600963795
level-s0.08-form-s0.07,eng-league-two,2016-2017,0.0004365109338912987,0.0004643718225816329
level-s0.08-form-s0.10,eng-league-two,2016-2017,0.0016371938405523867,0.0022645235956613163
r0.85-s0.06,eng-league-two,2016-2017,0.0009149036099411756,0.0011864861136592353
r0.85-s0.12,eng-league-two,2016-2017,0.0007809888224836747,0.0009930759081862028
r0.95-s0.06,eng-league-two,2016-2017,-0.00015001039619111367,-0.00042361167285953627
r0.95-s0.09,eng-league-two,2016-2017,-0.0003729469573729993,-0.000593801912968317
r0.95-s0.12,eng-league-two,2016-2017,0.0007426941656527575,0.0009081139150421969
r1.00-s0.06,eng-league-two,2016-2017,-0.0005663729446185872,-0.00103509470365859
r1.00-s0.09,eng-league-two,2016-2017,-0.0004706067392898916,-0.0007492976102998483
r1.00-s0.12,eng-league-two,2016-2017,0.000789836191825044,0.0009690910054049873
ALL-FC,eng-league-two,2017-2018,0.0003017433173893025,0.001372223050222665
C1-BMA,eng-league-two,2017-2018,2.7128387376063046e-05,0.00025019957213645583
C1-FC,eng-league-two,2017-2018,0.0003017433173893025,0.001372223050222665
C2-BMA,eng-league-two,2017-2018,3.970407220887928e-05,0.0010023089793005369
C2-FC,eng-league-two,2017-2018,4.775147040225747e-05,0.001324091546469841
level-s0.04-form-s0.10,eng-league-two,2017-2018,0.0004771545515966924,0.001380569691460387
level-s0.04-form-s0.15,eng-league-two,2017-2018,0.002867142523381716,0.005745880418222882
level-s0.06-form-s0.07,eng-league-two,2017-2018,-2.2074096015289868e-05,0.0006888460632534787
level-s0.06-form-s0.10,eng-league-two,2017-2018,0.0005167969378259141,0.0018950786081499693
level-s0.06-form-s0.15,eng-league-two,2017-2018,0.0031761211845124926,0.006500171574571834
level-s0.08-form-s0.07,eng-league-two,2017-2018,4.775147040225747e-05,0.001324091546469841
level-s0.08-form-s0.10,eng-league-two,2017-2018,0.0008265800198521411,0.0027880739421366485
r0.85-s0.06,eng-league-two,2017-2018,0.0012336136319004432,0.00045336328233958056
r0.85-s0.12,eng-league-two,2017-2018,0.0003017433173893025,0.001372223050222665
r0.95-s0.06,eng-league-two,2017-2018,0.000649171303194862,0.0005546264345501761
r0.95-s0.09,eng-league-two,2017-2018,-8.476761950526601e-05,0.0006027632722682696
r0.95-s0.12,eng-league-two,2017-2018,0.00039211726464349894,0.002106664607728348
r1.00-s0.06,eng-league-two,2017-2018,0.00036484456994778647,0.0006747325872327181
r1.00-s0.09,eng-league-two,2017-2018,-0.00010385328411444128,0.0009671609077530618
r1.00-s0.12,eng-league-two,2017-2018,0.00046755334541304094,0.0025316603259391
ALL-FC,eng-league-two,2018-2019,0.0018762717287494901,0.0016375949434808135
C1-BMA,eng-league-two,2018-2019,0.00013311962538908872,0.0001033160143624201
C1-FC,eng-league-two,2018-2019,0.0018762717287494901,0.0016375949434808135
C2-BMA,eng-league-two,2018-2019,0.00041254812187396794,-3.904679338218031e-05
C2-FC,eng-league-two,2018-2019,0.0010576882263537701,0.0005458819799515346
level-s0.04-form-s0.10,eng-league-two,2018-2019,0.0007643540812971583,0.0002623833593018432
level-s0.04-form-s0.15,eng-league-two,2018-2019,0.004539696297754192,0.004034982874844939
level-s0.06-form-s0.07,eng-league-two,2018-2019,3.785046821636051e-05,-0.00035359594393824523
level-s0.06-form-s0.10,eng-league-two,2018-2019,0.0015077097659705885,0.0008717288798885114
level-s0.06-form-s0.15,eng-league-two,2018-2019,0.005212474600358341,0.004732776916996251
level-s0.08-form-s0.07,eng-league-two,2018-2019,0.0010576882263537701,0.0005458819799515346
level-s0.08-form-s0.10,eng-league-two,2018-2019,0.0025020910205764135,0.0018308273195244418
r0.85-s0.06,eng-league-two,2018-2019,-0.0010774635172992042,-0.0004511070564654496
r0.85-s0.12,eng-league-two,2018-2019,0.0018762717287494901,0.0016375949434808135
r0.95-s0.06,eng-league-two,2018-2019,-0.0012023450251865686,-0.000938920060551407
r0.95-s0.09,eng-league-two,2018-2019,0.00022924876517138593,0.00010463741414223904
r0.95-s0.12,eng-league-two,2018-2019,0.0022438149145314057,0.002028404503815473
r1.00-s0.06,eng-league-two,2018-2019,-0.0011052251369449984,-0.0009476566341972692
r1.00-s0.09,eng-league-two,2018-2019,0.0004434774084693949,0.00030530824223440334
r1.00-s0.12,eng-league-two,2018-2019,0.0024940247926521497,0.002320484291513658
ALL-FC,eng-league-two,2019-2020,0.001194173206003235,0.0016506161682383613
C1-BMA,eng-league-two,2019-2020,8.198893563227116e-05,0.00011228539616503497
C1-FC,eng-league-two,2019-2020,0.001194173206003235,0.0016506161682383613
C2-BMA,eng-league-two,2019-2020,-0.00020346008283489425,0.0005909281458418292
C2-FC,eng-league-two,2019-2020,-0.00030285791535256124,0.0005691136059593482
level-s0.04-form-s0.10,eng-league-two,2019-2020,-0.001182513169697419,-4.229942092237593e-05
level-s0.04-form-s0.15,eng-league-two,2019-2020,-0.0015795960469875414,0.0013233528843312747
level-s0.06-form-s0.07,eng-league-two,2019-2020,-7.53124675088035e-05,0.0006738602569322794
level-s0.06-form-s0.10,eng-league-two,2019-2020,-0.0012315294520939268,5.475097935336848e-05
level-s0.06-form-s0.15,eng-league-two,2019-2020,-0.0013064632421155853,0.0018902979646897577
level-s0.08-form-s0.07,eng-league-two,2019-2020,-0.00030285791535256124,0.0005691136059593482
level-s0.08-form-s0.10,eng-league-two,2019-2020,-0.0010911532010158265,0.0004566438773272452
r0.85-s0.06,eng-league-two,2019-2020,0.0015456400040256835,0.0017060791380019147
r0.85-s0.12,eng-league-two,2019-2020,-0.0006911253193837563,-0.00038711219537201913
r0.95-s0.06,eng-league-two,2019-2020,0.002199611169805049,0.0026300748466163704
r0.95-s0.09,eng-league-two,2019-2020,0.0007505206563753752,0.001038270775821637
r0.95-s0.12,eng-league-two,2019-2020,4.7621161138655665e-05,0.0006341228273885058
r1.00-s0.06,eng-league-two,2019-2020,0.002633921879622303,0.0032395835416192398
r1.00-s0.09,eng-league-two,2019-2020,0.001194173206003235,0.0016506161682383613
r1.00-s0.12,eng-league-two,2019-2020,0.00046501365257389793,0.0012099510791689916
ALL-FC,eng-league-two,2020-2021,0.002971175903219825,0.0029300424769442834
C1-BMA,eng-league-two,2020-2021,0.0001787184644688189,0.00016344946868551702
C1-FC,eng-league-two,2020-2021,0.002971175903219825,0.0029300424769442834
C2-BMA,eng-league-two,2020-2021,0.0026334941691357194,0.0029534112686375735
C2-FC,eng-league-two,2020-2021,0.0027949304768615235,0.0027402657034345523
level-s0.04-form-s0.10,eng-league-two,2020-2021,0.00198571915162149,0.002987483889794973
level-s0.04-form-s0.15,eng-league-two,2020-2021,0.0025254285482079197,0.0037195939394218946
level-s0.06-form-s0.07,eng-league-two,2020-2021,0.0024883824166122004,0.002965915135269004
level-s0.06-form-s0.10,eng-league-two,2020-2021,0.0024140132250256574,0.002744064361480447
level-s0.06-form-s0.15,eng-league-two,2020-2021,0.0032451806257469684,0.004264868070325001
level-s0.08-form-s0.07,eng-league-two,2020-2021,0.0027949304768615235,0.0027402657034345523
level-s0.08-form-s0.10,eng-league-two,2020-2021,0.003022806642620557,0.0030739799765320264
r0.85-s0.06,eng-league-two,2020-2021,-0.0002588189324101986,0.0010036436649487612
r0.85-s0.12,eng-league-two,2020-2021,0.0011604430858178638,0.0007461818489065131
r0.95-s0.06,eng-league-two,2020-2021,0.0019276648791253237,0.0030818230839679828
r0.95-s0.09,eng-league-two,2020-2021,0.0018671477925362723,0.0018020298588306005
r0.95-s0.12,eng-league-two,2020-2021,0.0028707027936236695,0.002535878336383579
r1.00-s0.06,eng-league-two,2020-2021,0.003317706508344287,0.004455319080487019
r1.00-s0.09,eng-league-two,2020-2021,0.002971175903219825,0.0029300424769442834
r1.00-s0.12,eng-league-two,2020-2021,0.003838063838893291,0.0036037111705824465
ALL-FC,eng-league-two,2021-2022,-0.0009413442954235851,-0.0014957971717044494
C1-BMA,eng-league-two,2021-2022,-0.00013250347280768793,-0.00016360765175926772
C1-FC,eng-league-two,2021-2022,-0.0009413442954235851,-0.0014957971717044494
C2-BMA,eng-league-two,2021-2022,-0.00117434932859517,-0.0010378918054017028
C2-FC,eng-league-two,2021-2022,-0.0016955846932973362,-0.0018002003627746177
level-s0.04-form-s0.10,eng-league-two,2021-2022,0.0003870314900817906,0.0008252844144038818
level-s0.04-form-s0.15,eng-league-two,2021-2022,0.0011385057890154204,0.002427465740114876
level-s0.06-form-s0.07,eng-league-two,2021-2022,-0.0009311607254167686,-0.0007315912039795869
level-s0.06-form-s0.10,eng-league-two,2021-2022,-0.0005453406994400112,-0.00024482483003218647
level-s0.06-form-s0.15,eng-league-two,2021-2022,0.0008003293850262772,0.00225382526307083
level-s0.08-form-s0.07,eng-league-two,2021-2022,-0.0016955846932973362,-0.0018002003627746177
level-s0.08-form-s0.10,eng-league-two,2021-2022,-0.001019736011684591,-0.0007866346668592428
r0.85-s0.06,eng-league-two,2021-2022,0.0031022325068064127,0.004559244210338598
r0.85-s0.12,eng-league-two,2021-2022,-0.0009413442954235851,-0.0014957971717044494
r0.95-s0.06,eng-league-two,2021-2022,0.00027410786652359853,0.001079339573356819
r0.95-s0.09,eng-league-two,2021-2022,-0.0017666325452474485,-0.00205325510244192
r0.95-s0.12,eng-league-two,2021-2022,-0.002064076003211346,-0.002698861923163154
r1.00-s0.06,eng-league-two,2021-2022,-0.0010227990166749024,-0.00047866614798985907
r1.00-s0.09,eng-league-two,2021-2022,-0.0025594190393769534,-0.0029456041286519685
r1.00-s0.12,eng-league-two,2021-2022,-0.0025610456191091924,-0.0032045340758184437
ALL-FC,eng-league-two,2022-2023,-1.325764733395296e-05,0.0013520967396902783
C1-BMA,eng-league-two,2022-2023,-5.02295773212591e-05,9.808920346365824e-05
C1-FC,eng-league-two,2022-2023,-0.0010517682461015365,0.0002580834726715331
C2-BMA,eng-league-two,2022-2023,0.00011901041310746763,0.0009854333020977712
C2-FC,eng-league-two,2022-2023,-1.325764733395296e-05,0.0013520967396902783
level-s0.04-form-s0.10,eng-league-two,2022-2023,-0.0008966378248083107,-0.00027039821751007054
level-s0.04-form-s0.15,eng-league-two,2022-2023,-0.0015644269297181435,0.001425366719128185
level-s0.06-form-s0.07,eng-league-two,2022-2023,0.000301653907214261,0.000825611135457649
level-s0.06-form-s0.10,eng-league-two,2022-2023,-0.0008147437633554411,0.0005050248685898318
level-s0.06-form-s0.15,eng-league-two,2022-2023,-0.0012956934553582933,0.0022517133041510817
level-s0.08-form-s0.07,eng-league-two,2022-2023,-1.325764733395296e-05,0.0013520967396902783
level-s0.08-form-s0.10,eng-league-two,2022-2023,-0.0008337457651426128,0.0012769741607479013
r0.85-s0.06,eng-league-two,2022-2023,0.0015730493292538394,0.0003089609659792103
r0.85-s0.12,eng-league-two,2022-2023,-0.0010517682461015365,0.0002580834726715331
r0.95-s0.06,eng-league-two,2022-2023,0.0021722869165723413,0.0016725042347451868
r0.95-s0.09,eng-league-two,2022-2023,0.0007574168225692457,0.0015606566603363348
r0.95-s0.12,eng-league-two,2022-2023,-0.0002756663614653654,0.001807531747747948
r1.00-s0.06,eng-league-two,2022-2023,0.002621071335190628,0.0025721972150418715
r1.00-s0.09,eng-league-two,2022-2023,0.0012375869226324276,0.002488392977275211
r1.00-s0.12,eng-league-two,2022-2023,0.00018520773170815907,0.0026874143654120886
ALL-FC,eng-league-two,2023-2024,0.0006551486053285593,0.0007405116683667501
C1-BMA,eng-league-two,2023-2024,2.099163569257989e-05,2.976999529469282e-05
C1-FC,eng-league-two,2023-2024,-0.00019857328670247476,0.00012978272905295185
C2-BMA,eng-league-two,2023-2024,0.0006438213035244722,0.0006079754416883354
C2-FC,eng-league-two,2023-2024,0.0006551486053285593,0.0007405116683667501
level-s0.04-form-s0.10,eng-league-two,2023-2024,-0.00010987575807663852,0.00023825838087310203
level-s0.04-form-s0.15,eng-league-two,2023-2024,-9.06347455591483e-05,0.0020052034596256263
level-s0.06-form-s0.07,eng-league-two,2023-2024,0.0006884841534924302,0.0005651691433019579
level-s0.06-form-s0.10,eng-league-two,2023-2024,6.220221589581243e-05,0.0005411853114036802
level-s0.06-form-s0.15,eng-league-two,2023-2024,0.0003656983047037876,0.002676432530272166
level-s0.08-form-s0.07,eng-league-two,2023-2024,0.0006551486053285593,0.0007405116683667501
level-s0.08-form-s0.10,eng-league-two,2023-2024,0.00035247444666630656,0.001115040148235824
r0.85-s0.06,eng-league-two,2023-2024,0.0011394220808278455,0.0014105370525197003
r0.85-s0.12,eng-league-two,2023-2024,-0.00019857328670247476,0.00012978272905295185
r0.95-s0.06,eng-league-two,2023-2024,0.001920804711625701,0.0016959557276989834
r0.95-s0.09,eng-league-two,2023-2024,0.000910793092803619,0.0006847904583899833
r0.95-s0.12,eng-league-two,2023-2024,0.0007349794322810688,0.0009785368970365305
r1.00-s0.06,eng-league-two,2023-2024,0.002438242869152285,0.0020208108985180218
r1.00-s0.09,eng-league-two,2023-2024,0.0014471396017372573,0.0011406904300121923
r1.00-s0.12,eng-league-two,2023-2024,0.0012573281558461158,0.001477890845042129
ALL-FC,eng-league-two,2024-2025,0.0007722021086127295,0.0009479596689554448
C1-BMA,eng-league-two,2024-2025,7.963867848070905e-06,4.3435529363478054e-05
C1-FC,eng-league-two,2024-2025,0.0002895890084038122,0.0006589035541333388
C2-BMA,eng-league-two,2024-2025,0.0006370484793725151,0.0007519730219649468
C2-FC,eng-league-two,2024-2025,0.0007722021086127295,0.0009479596689554448
level-s0.04-form-s0.10,eng-league-two,2024-2025,0.0003843893143391508,0.0008445091091275891
level-s0.04-form-s0.15,eng-league-two,2024-2025,0.001887657190829506,0.003924241935989503
level-s0.06-form-s0.07,eng-league-two,2024-2025,0.0006169309949091151,0.0006411492428628485
level-s0.06-form-s0.10,eng-league-two,2024-2025,0.0007314042993853409,0.0012982402548766814
level-s0.06-form-s0.15,eng-league-two,2024-2025,0.0024149898603402775,0.004678441863537497
level-s0.08-form-s0.07,eng-league-two,2024-2025,0.0007722021086127295,0.0009479596689554448
level-s0.08-form-s0.10,eng-league-two,2024-2025,0.0011730123837456752,0.0019857048422546875
r0.85-s0.06,eng-league-two,2024-2025,0.0007342229402036438,0.0009644636491081826
r0.85-s0.12,eng-league-two,2024-2025,0.0002895890084038122,0.0006589035541333388
r0.95-s0.06,eng-league-two,2024-2025,0.0011801408533638202,0.0010654884512710794
r0.95-s0.09,eng-league-two,2024-2025,0.0005366890171285554,0.0003725058488797117
r0.95-s0.12,eng-league-two,2024-2025,0.0008417225182391075,0.0011552863970751837
r1.00-s0.06,eng-league-two,2024-2025,0.0014892023452059977,0.001233798221984106
r1.00-s0.09,eng-league-two,2024-2025,0.0008627155226414995,0.000641016459689947
r1.00-s0.12,eng-league-two,2024-2025,0.0011583295702384255,0.0014628556268898585
ALL-FC,eng-league-two,2025-2026,-0.0031065847542348646,-0.002378411474283304
C1-BMA,eng-league-two,2025-2026,-0.00017193647430802095,-0.00014972990169637157
C1-FC,eng-league-two,2025-2026,-0.0024553430214466765,-0.0017716882552902824
C2-BMA,eng-league-two,2025-2026,-0.0023875531594335087,-0.0020030429965669505
C2-FC,eng-league-two,2025-2026,-0.0031065847542348646,-0.002378411474283304
level-s0.04-form-s0.10,eng-league-two,2025-2026,-0.002821532166970675,-0.002611807823863277
level-s0.04-form-s0.15,eng-league-two,2025-2026,-0.005108561338533546,-0.003156312339349654
level-s0.06-form-s0.07,eng-league-two,2025-2026,-0.0019823046813092216,-0.0017262191550937445
level-s0.06-form-s0.10,eng-league-two,2025-2026,-0.00370946196566746,-0.0029873075768698243
level-s0.06-form-s0.15,eng-league-two,2025-2026,-0.005456072824955527,-0.0029397935832897737
level-s0.08-form-s0.07,eng-league-two,2025-2026,-0.0031065847542348646,-0.002378411474283304
level-s0.08-form-s0.10,eng-league-two,2025-2026,-0.0043948515514586894,-0.003114610624708636
r0.85-s0.06,eng-league-two,2025-2026,0.0042092840202092585,0.003855288348943553
r0.85-s0.12,eng-league-two,2025-2026,-0.0024553430214466765,-0.0017716882552902824
r0.95-s0.06,eng-league-two,2025-2026,0.0020560878078781375,0.0019977547759606473
r0.95-s0.09,eng-league-two,2025-2026,-0.001172389347678271,-0.0007745595200030486
r0.95-s0.12,eng-league-two,2025-2026,-0.0030861248903824023,-0.0019493370190017956
r1.00-s0.06,eng-league-two,2025-2026,0.0010920738406396957,0.0012299484629387791
r1.00-s0.09,eng-league-two,2025-2026,-0.0016864602615058732,-0.0010617860510593324
r1.00-s0.12,eng-league-two,2025-2026,-0.0033550322530611076,-0.0019750608596007524
ALL-FC,eng-premier-league,2015-2016,-0.002578864730807817,-0.002446864320035047
C1-BMA,eng-premier-league,2015-2016,0.0013067940452833327,0.0012904950161747308
C1-FC,eng-premier-league,2015-2016,-0.002578864730807817,-0.002446864320035047
C2-BMA,eng-premier-league,2015-2016,-0.00012084705763615311,-0.0008929862398123767
C2-FC,eng-premier-league,2015-2016,-0.0008988829288121281,-0.001311907892328712
level-s0.04-form-s0.10,eng-premier-league,2015-2016,-0.0010040969064981642,-0.002276836569307328
level-s0.04-form-s0.15,eng-premier-league,2015-2016,-0.0027937535317683615,-0.003710252670807712
level-s0.06-form-s0.07,eng-premier-league,2015-2016,0.0003888541052832206,-0.0003474895738699857
level-s0.06-form-s0.10,eng-premier-league,2015-2016,-0.0016258597269063202,-0.002576951490330881
level-s0.06-form-s0.15,eng-premier-league,2015-2016,-0.002904319263304478,-0.0035473408201620593
level-s0.08-form-s0.07,eng-premier-league,2015-2016,-0.0008988829288121281,-0.001311907892328712
level-s0.08-form-s0.10,eng-premier-league,2015-2016,-0.002290185672112033,-0.0029049130998588524
r0.85-s0.06,eng-premier-league,2015-2016,0.004109391077424807,0.00403583181096101
r0.85-s0.12,eng-premier-league,2015-2016,-0.002578864730807817,-0.002446864320035047
r0.95-s0.06,eng-premier-league,2015-2016,0.004442215046319031,0.004302728928272881
r0.95-s0.09,eng-premier-league,2015-2016,0.0005240678476485794,0.0006788938679771483
r0.95-s0.12,eng-premier-league,2015-2016,-0.0021018537088752787,-0.0017357620161035925
r1.00-s0.06,eng-premier-league,2015-2016,0.004898942835771081,0.0049110984891802545
r1.00-s0.09,eng-premier-league,2015-2016,0.0009328260204879424,0.0012520678228096216
r1.00-s0.12,eng-premier-league,2015-2016,-0.0017686883327803216,-0.0012364351439897447
ALL-FC,eng-premier-league,2016-2017,-0.00036790490653915153,-0.0015238808270576776
C1-BMA,eng-premier-league,2016-2017,-0.0020843298580563996,-0.002696059819248031
C1-FC,eng-premier-league,2016-2017,-0.00036790490653915153,-0.0015238808270576776
C2-BMA,eng-premier-league,2016-2017,-0.006152219521043056,-0.0072638968799743076
C2-FC,eng-premier-league,2016-2017,-0.0054483764831275705,-0.006790357982648043
level-s0.04-form-s0.10,eng-premier-league,2016-2017,-0.006621006075135716,-0.007927923387945235
level-s0.04-form-s0.15,eng-premier-league,2016-2017,-0.0038253265023575622,-0.005429441712638372
level-s0.06-form-s0.07,eng-premier-league,2016-2017,-0.0064597291914618715,-0.007395197446874224
level-s0.06-form-s0.10,eng-premier-league,2016-2017,-0.0058693184524644115,-0.007420529295778078
level-s0.06-form-s0.15,eng-premier-league,2016-2017,-0.0033033868224360274,-0.004913863051638323
level-s0.08-form-s0.07,eng-premier-league,2016-2017,-0.0054483764831275705,-0.006790357982648043
level-s0.08-form-s0.10,eng-premier-league,2016-2017,-0.004889156862754818,-0.006598973484101656
r0.85-s0.06,eng-premier-league,2016-2017,0.0021390497703612787,0.004531597170808421
r0.85-s0.12,eng-premier-league,2016-2017,-0.00036790490653915153,-0.0015238808270576776
r0.95-s0.06,eng-premier-league,2016-2017,-0.003087854936028478,-0.0018248984740223406
r0.95-s0.09,eng-premier-league,2016-2017,-0.0031213530992693084,-0.0036132527126286895
r0.95-s0.12,eng-premier-league,2016-2017,-0.002511105856972451,-0.003858678506285962
r1.00-s0.06,eng-premier-league,2016-2017,-0.005314965802839189,-0.00440954779370184
r1.00-s0.09,eng-premier-league,2016-2017,-0.004495513949838825,-0.005132725872353916
r1.00-s0.12,eng-premier-league,2016-2017,-0.0034687911544649674,-0.004854145051357062
ALL-FC,eng-premier-league,2017-2018,-0.0020806582415721087,-0.002805893101543333
C1-BMA,eng-premier-league,2017-2018,-0.002258793289207195,-0.003386939173137815
C1-FC,eng-premier-league,2017-2018,-0.0020806582415721087,-0.002805893101543333
C2-BMA,eng-premier-league,2017-2018,-0.0021199807430211104,-0.003070090319419627
C2-FC,eng-premier-league,2017-2018,-0.0025405826664263165,-0.0037369643521509843
level-s0.04-form-s0.10,eng-premier-league,2017-2018,-0.0021339931934926115,-0.002744460863296272
level-s0.04-form-s0.15,eng-premier-league,2017-2018,-0.0027168843280577226,-0.0017831607190985643
level-s0.06-form-s0.07,eng-premier-league,2017-2018,-0.0017563931411145317,-0.002821147775000199
level-s0.06-form-s0.10,eng-premier-league,2017-2018,-0.0025518439564693463,-0.003249044249876043
level-s0.06-form-s0.15,eng-premier-league,2017-2018,-0.002735253000322957,-0.001672551626571206
level-s0.08-form-s0.07,eng-premier-league,2017-2018,-0.0025405826664263165,-0.0037369643521509843
level-s0.08-form-s0.10,eng-premier-league,2017-2018,-0.0028579608967490566,-0.003477456658920186
r0.85-s0.06,eng-premier-league,2017-2018,0.005201309641113205,0.007778949636805255
r0.85-s0.12,eng-premier-league,2017-2018,-0.0020806582415721087,-0.002805893101543333
r0.95-s0.06,eng-premier-league,2017-2018,0.0019081192721726037,0.0022223797261511358
r0.95-s0.09,eng-premier-league,2017-2018,-0.0016438125468163367,-0.0027320713024763243
r0.95-s0.12,eng-premier-league,2017-2018,-0.0031127498767646866,-0.004431945838823559
r1.00-s0.06,eng-premier-league,2017-2018,0.0005742624656907003,2.4652681728909442e-05
r1.00-s0.09,eng-premier-league,2017-2018,-0.0022923931719188717,-0.0037764916297784445
r1.00-s0.12,eng-premier-league,2017-2018,-0.0035093116664127733,-0.005028948102876463
ALL-FC,eng-premier-league,2018-2019,-0.0012213824352989011,-0.0006446222586364847
C1-BMA,eng-premier-league,2018-2019,-0.0047126451661376745,-0.004198676233019949
C1-FC,eng-premier-league,2018-2019,-0.0012213824352989011,-0.0006446222586364847
C2-BMA,eng-premier-league,2018-2019,-0.0052874056789472546,-0.003686234740778449
C2-FC,eng-premier-league,2018-2019,-0.0060615149390127465,-0.004556378745828482
level-s0.04-form-s0.10,eng-premier-league,2018-2019,-0.004663838496976824,-0.0022833486552058524
level-s0.04-form-s0.15,eng-premier-league,2018-2019,-0.004693727237119472,0.00022297133795090573
level-s0.06-form-s0.07,eng-premier-league,2018-2019,-0.005491866631910924,-0.004144073122570369
level-s0.06-form-s0.10,eng-premier-league,2018-2019,-0.005498879955625258,-0.003111334358852691
level-s0.06-form-s0.15,eng-premier-league,2018-2019,-0.005170498434186266,-9.087501942373066e-05
level-s0.08-form-s0.07,eng-premier-league,2018-2019,-0.0060615149390127465,-0.004556378745828482
level-s0.08-form-s0.10,eng-premier-league,2018-2019,-0.00591226191102634,-0.0033014429557862712
r0.85-s0.06,eng-premier-league,2018-2019,0.0037606599743236213,0.0039751489953498975
r0.85-s0.12,eng-premier-league,2018-2019,-0.0012213824352989011,-0.0006446222586364847
r0.95-s0.06,eng-premier-league,2018-2019,-0.002507168173022545,-0.002258108238121448
r0.95-s0.09,eng-premier-league,2018-2019,-0.004385536662604328,-0.004040813421835487
r0.95-s0.12,eng-premier-league,2018-2019,-0.004616307985161661,-0.0036384755066323216
r1.00-s0.06,eng-premier-league,2018-2019,-0.005082894713088537,-0.004423349396594389
r1.00-s0.09,eng-premier-league,2018-2019,-0.006281340015160897,-0.005542249474736138
r1.00-s0.12,eng-premier-league,2018-2019,-0.006134312215956617,-0.004813215551286998
ALL-FC,eng-premier-league,2019-2020,-0.001937521577369039,-0.0028461642230728224
C1-BMA,eng-premier-league,2019-2020,-0.0013576180071852573,-0.001908146807100497
C1-FC,eng-premier-league,2019-2020,-0.001937521577369039,-0.0028461642230728224
C2-BMA,eng-premier-league,2019-2020,-0.0004550019087001811,-0.0019133373032214074
C2-FC,eng-premier-league,2019-2020,-0.00048270485458801193,-0.0014285202627815075
level-s0.04-form-s0.10,eng-premier-league,2019-2020,0.0010516004749108188,-0.0003193715328539959
level-s0.04-form-s0.15,eng-premier-league,2019-2020,0.00503522853724081,0.005235031328065354
level-s0.06-form-s0.07,eng-premier-league,2019-2020,-0.0008313959906782742,-0.002403868312076174
level-s0.06-form-s0.10,eng-premier-league,2019-2020,0.0009830457480030086,5.725310271653683e-06
level-s0.06-form-s0.15,eng-premier-league,2019-2020,0.005097796242418351,0.005562479323253378
level-s0.08-form-s0.07,eng-premier-league,2019-2020,-0.00048270485458801193,-0.0014285202627815075
level-s0.08-form-s0.10,eng-premier-league,2019-2020,0.0013678876965730336,0.0008868830738313349
r0.85-s0.06,eng-premier-league,2019-2020,0.0004959778941958648,3.3834246151887015e-05
r0.85-s0.12,eng-premier-league,2019-2020,0.0010064110942070714,0.0016027652862891095
r0.95-s0.06,eng-premier-league,2019-2020,-0.0016180015039279905,-0.0034477512824095946
r0.95-s0.09,eng-premier-league,2019-2020,-0.0014520013091250394,-0.002160050632569188
r0.95-s0.12,eng-premier-league,2019-2020,-0.0002004798515214956,-2.1816358027226812e-05
r1.00-s0.06,eng-premier-league,2019-2020,-0.002226864264137429,-0.004432181747413999
r1.00-s0.09,eng-premier-league,2019-2020,-0.001937521577369039,-0.0028461642230728224
r1.00-s0.12,eng-premier-league,2019-2020,-0.0006497426629322733,-0.0005910944436879895
ALL-FC,eng-premier-league,2020-2021,0.00011344422221060135,0.0011824084717240169
C1-BMA,eng-premier-league,2020-2021,0.00010904611436224343,0.0006057033784485633
C1-FC,eng-premier-league,2020-2021,0.00011344422221060135,0.0011824084717240169
C2-BMA,eng-premier-league,2020-2021,-0.0023301314066266343,-0.0030970791966327127
C2-FC,eng-premier-league,2020-2021,-0.0013835281988539005,-0.0016734892986414174
level-s0.04-form-s0.10,eng-premier-league,2020-2021,-0.0026466760048280413,-0.003955120277336466
level-s0.04-form-s0.15,eng-premier-league,2020-2021,-0.0006844594236019574,-0.0020728481281455657
level-s0.06-form-s0.07,eng-premier-league,2020-2021,-0.0018662029673068847,-0.0021871070772139234
level-s0.06-form-s0.10,eng-premier-league,2020-2021,-0.0020180051128149135,-0.003079030972406027
level-s0.06-form-s0.15,eng-premier-league,2020-2021,-7.757882112091607e-05,-0.0012138021071557148
level-s0.08-form-s0.07,eng-premier-league,2020-2021,-0.0013835281988539005,-0.0016734892986414174
level-s0.08-form-s0.10,eng-premier-league,2020-2021,-0.0012949682910421423,-0.0021818871608796364
r0.85-s0.06,eng-premier-league,2020-2021,0.0009923321591092105,0.0019339022941289308
r0.85-s0.12,eng-premier-league,2020-2021,0.00013963146501261292,-0.0005864024986563798
r0.95-s0.06,eng-premier-league,2020-2021,0.0006628600959079911,0.002110060422029658
r0.95-s0.09,eng-premier-league,2020-2021,-5.7249776159062904e-05,0.0006042506114321
r0.95-s0.12,eng-premier-league,2020-2021,0.00012345571868088712,2.7985134003927215e-05
r1.00-s0.06,eng-premier-league,2020-2021,0.0009274750649506114,0.002802545188017369
r1.00-s0.09,eng-premier-league,2020-2021,0.00011344422221060135,0.0011824084717240169
r1.00-s0.12,eng-premier-league,2020-2021,0.00023360299375596583,0.0004973588847172472
ALL-FC,eng-premier-league,2021-2022,-0.0007335225256481781,-0.0023646288895537992
C1-BMA,eng-premier-league,2021-2022,-0.0018686998819597012,-0.0035064945463676445
C1-FC,eng-premier-league,2021-2022,-0.0007335225256481781,-0.0023646288895537992
C2-BMA,eng-premier-league,2021-2022,-0.004503549330689194,-0.007444055652763293
C2-FC,eng-premier-league,2021-2022,-0.004049482704887919,-0.007450406029090306
level-s0.04-form-s0.10,eng-premier-league,2021-2022,-0.004539945776259158,-0.007394428960006305
level-s0.04-form-s0.15,eng-premier-league,2021-2022,-0.002652313337194512,-0.005989138067078237
level-s0.06-form-s0.07,eng-premier-league,2021-2022,-0.004543712221490193,-0.007376209051210392
level-s0.06-form-s0.10,eng-premier-league,2021-2022,-0.004303900216091172,-0.007946435653707784
level-s0.06-form-s0.15,eng-premier-league,2021-2022,-0.002493975045698371,-0.006288333036380767
level-s0.08-form-s0.07,eng-premier-league,2021-2022,-0.004049482704887919,-0.007450406029090306
level-s0.08-form-s0.10,eng-premier-league,2021-2022,-0.003769456350293132,-0.007836519057963898
r0.85-s0.06,eng-premier-league,2021-2022,0.002334298133784163,0.005098283793969927
r0.85-s0.12,eng-premier-league,2021-2022,-0.0007335225256481781,-0.0023646288895537992
r0.95-s0.06,eng-premier-league,2021-2022,-0.0014322147367467064,-0.0011606807040349665
r0.95-s0.09,eng-premier-league,2021-2022,-0.0022439246351365627,-0.0036734333695638277
r0.95-s0.12,eng-premier-league,2021-2022,-0.0023021320830676206,-0.004823523710210331
r1.00-s0.06,eng-premier-league,2021-2022,-0.0028297750532320087,-0.0035271915145660415
r1.00-s0.09,eng-premier-league,2021-2022,-0.003117025861668621,-0.005124909278384937
r1.00-s0.12,eng-premier-league,2021-2022,-0.0029311610607308802,-0.005818170205187823
ALL-FC,eng-premier-league,2022-2023,-0.0015880915675920981,0.00029014187152354154
C1-BMA,eng-premier-league,2022-2023,-0.00382272920673965,-0.0028279181394461617
C1-FC,eng-premier-league,2022-2023,-0.004189532827925224,-0.003296731585936019
C2-BMA,eng-premier-league,2022-2023,-0.0011448066575707738,0.001994073574036914
C2-FC,eng-premier-league,2022-2023,-0.0015880915675920981,0.00029014187152354154
level-s0.04-form-s0.10,eng-premier-league,2022-2023,-0.0008778180751959352,0.002334732518546989
level-s0.04-form-s0.15,eng-premier-league,2022-2023,-0.004770580234732424,0.000705492488918491
level-s0.06-form-s0.07,eng-premier-league,2022-2023,0.0010247528909637094,0.002942276760558027
level-s0.06-form-s0.10,eng-premier-league,2022-2023,-0.0023915667255979267,0.0004968938608271856
level-s0.06-form-s0.15,eng-premier-league,2022-2023,-0.005067654743262651,0.0003485143353083586
level-s0.08-form-s0.07,eng-premier-league,2022-2023,-0.0015880915675920981,0.00029014187152354154
level-s0.08-form-s0.10,eng-premier-league,2022-2023,-0.0037649583785517304,-0.0007819147621468403
r0.85-s0.06,eng-premier-league,2022-2023,0.0078023839898498926,0.008157741365018456
r0.85-s0.12,eng-premier-league,2022-2023,-0.004189532827925224,-0.003296731585936019
r0.95-s0.06,eng-premier-league,2022-2023,0.008349284015749747,0.00920756853617899
r0.95-s0.09,eng-premier-league,2022-2023,0.0005237281853143205,0.0010720731736326705
r0.95-s0.12,eng-premier-league,2022-2023,-0.003785882335753943,-0.0023931566690769124
r1.00-s0.06,eng-premier-league,2022-2023,0.008942650016048881,0.010321846009110569
r1.00-s0.09,eng-premier-league,2022-2023,0.0009504536039286471,0.0019198067274093233
r1.00-s0.12,eng-premier-league,2022-2023,-0.0034773737695005247,-0.0017374653593460465
ALL-FC,eng-premier-league,2023-2024,-0.004196012221694301,-0.0036907272073949393
C1-BMA,eng-premier-league,2023-2024,0.001538569547448132,0.00010162620000908618
C1-FC,eng-premier-league,2023-2024,0.0017595141067923148,0.0002580479857083873
C2-BMA,eng-premier-league,2023-2024,-0.005023974280589094,-0.003742255757259727
C2-FC,eng-premier-league,2023-2024,-0.004196012221694301,-0.0036907272073949393
level-s0.04-form-s0.10,eng-premier-league,2023-2024,-0.00544802928692556,-0.003776657902248015
level-s0.04-form-s0.15,eng-premier-league,2023-2024,-0.000970480706233845,-0.0011753303965709172
level-s0.06-form-s0.07,eng-premier-league,2023-2024,-0.005960075194692549,-0.004102334593217183
level-s0.06-form-s0.10,eng-premier-league,2023-2024,-0.004281945468945114,-0.003709773595223176
level-s0.06-form-s0.15,eng-premier-league,2023-2024,-0.000268134231344197,-0.0009771549221926357
level-s0.08-form-s0.07,eng-premier-league,2023-2024,-0.004196012221694301,-0.0036907272073949393
level-s0.08-form-s0.10,eng-premier-league,2023-2024,-0.0028296228528778,-0.0031611606705230777
r0.85-s0.06,eng-premier-league,2023-2024,-0.0013122471797973878,0.0014761839498373952
r0.85-s0.12,eng-premier-league,2023-2024,0.0017595141067923148,0.0002580479857083873
r0.95-s0.06,eng-premier-league,2023-2024,-0.005376717520059193,-0.0017105706270306165
r0.95-s0.09,eng-premier-league,2023-2024,-0.0028188463869667224,-0.0021429372384620393
r0.95-s0.12,eng-premier-league,2023-2024,-0.0004842700567213587,-0.0013996330838867976
r1.00-s0.06,eng-premier-league,2023-2024,-0.006992121024156361,-0.002677687393136896
r1.00-s0.09,eng-premier-league,2023-2024,-0.0039995447107084026,-0.0028750633246614754
r1.00-s0.12,eng-premier-league,2023-2024,-0.0014556595071539835,-0.0020116337540647677
ALL-FC,eng-premier-league,2024-2025,-0.0019060118755678257,0.0005300197352178238
C1-BMA,eng-premier-league,2024-2025,-0.002216116175172589,-0.00010757101584246698
C1-FC,eng-premier-league,2024-2025,-0.002097546378191484,-4.001055177527135e-05
C2-BMA,eng-premier-league,2024-2025,0.0013652175945243483,0.003389071899480456
C2-FC,eng-premier-league,2024-2025,-0.0019060118755678257,0.0005300197352178238
level-s0.04-form-s0.10,eng-premier-league,2024-2025,0.0025876481990741995,0.004161664312925861
level-s0.04-form-s0.15,eng-premier-league,2024-2025,0.0028536710307706104,0.007915983320560205
level-s0.06-form-s0.07,eng-premier-league,2024-2025,8.56856797114558e-05,0.0013762512544452932
level-s0.06-form-s0.10,eng-premier-league,2024-2025,8.251294132233244e-05,0.0029239975807708873
level-s0.06-form-s0.15,eng-premier-league,2024-2025,0.0012424409964373329,0.007434758355428617
level-s0.08-form-s0.07,eng-premier-league,2024-2025,-0.0019060118755678257,0.0005300197352178238
level-s0.08-form-s0.10,eng-premier-league,2024-2025,-0.001521224512046837,0.002448218507497657
r0.85-s0.06,eng-premier-league,2024-2025,0.004167802728853198,0.0021442542598761882
r0.85-s0.12,eng-premier-league,2024-2025,-0.002097546378191484,-4.001055177527135e-05
r0.95-s0.06,eng-premier-league,2024-2025,0.0018992073013647248,0.0009216000186178519
r0.95-s0.09,eng-premier-league,2024-2025,-0.0019412366361164501,-0.0010680622343648416
r0.95-s0.12,eng-premier-league,2024-2025,-0.0037709673714585445,-0.000953401035349799
r1.00-s0.06,eng-premier-league,2024-2025,0.0010982915478102706,0.0008467504700959694
r1.00-s0.09,eng-premier-league,2024-2025,-0.0027196276270251563,-0.0013011327918568405
r1.00-s0.12,eng-premier-league,2024-2025,-0.004478951743288606,-0.0012119558105481154
ALL-FC,eng-premier-league,2025-2026,-0.0009312244583130624,0.00044551440944351484
C1-BMA,eng-premier-league,2025-2026,0.0002586679295906169,0.0022398349490853064
C1-FC,eng-premier-league,2025-2026,0.0002575596663942914,0.0022304084459423557
C2-BMA,eng-premier-league,2025-2026,-0.0010807198034898935,-0.00012496259663929976
C2-FC,eng-premier-league,2025-2026,-0.0009312244583130624,0.00044551440944351484
level-s0.04-form-s0.10,eng-premier-league,2025-2026,-0.0012138008691264801,-0.0006897229576257047
level-s0.04-form-s0.15,eng-premier-league,2025-2026,0.0004338446137139851,0.004242996451313097
level-s0.06-form-s0.07,eng-premier-league,2025-2026,-0.0013374758823250232,-0.0012722167793208783
level-s0.06-form-s0.10,eng-premier-league,2025-2026,-0.0010239427382612298,0.0005355641374138465
level-s0.06-form-s0.15,eng-premier-league,2025-2026,0.0007563086099617866,0.0052366361166642506
level-s0.08-form-s0.07,eng-premier-league,2025-2026,-0.0009312244583130624,0.00044551440944351484
level-s0.08-form-s0.10,eng-premier-league,2025-2026,-0.0005706300606664882,0.002044653443476374
r0.85-s0.06,eng-premier-league,2025-2026,0.0003932758030047445,-0.0020976249679831582
r0.85-s0.12,eng-premier-league,2025-2026,0.0002575596663942914,0.0022304084459423557
r0.95-s0.06,eng-premier-league,2025-2026,-0.0003948587387656577,-0.0024592852376170704
r0.95-s0.09,eng-premier-league,2025-2026,-0.00025449697414159367,0.000232311541927821
r0.95-s0.12,eng-premier-league,2025-2026,0.00020835651721928805,0.0026449293374515292
r1.00-s0.06,eng-premier-league,2025-2026,-0.0004998781533078756,-0.002205344569569778
r1.00-s0.09,eng-premier-league,2025-2026,-0.00023644014404045066,0.000563434175961941
r1.00-s0.12,eng-premier-league,2025-2026,0.0002731401238915687,0.0029820989134248244
